song,reentry_date,reentry_position,artist,reentry_popularity,entry_number,exit_date,last_position,days_outside,peak_rank,run_days,rank_jump_magnitude,peak_popularity,popularity_change,peak_date,days_to_peak,rank_jump_score,popularity_change_score,recovery_speed_score,momentum_spike_score,album_type,is_explicit,duration_minutes,total_tracks,first_entry_date,first_entry_position,reentry_frequency,fandom_intensity_proxy_score,post_comeback_retention_days
LOVE DIVE,2024-05-21,49.0,IVE,83.0,2,2024-05-19,48.0,1,49.0,2,0.0,83.0,0.0,2024-05-21,0,0.0,0.0,100.0,20.0,single,False,2.95,2,2024-05-18,49.0,3,34.72,2
Teddy Bear,2024-05-21,47.0,STAYC,74.0,2,2024-05-18,47.0,2,42.0,7,5.0,74.0,0.0,2024-05-22,1,12.195121951219512,0.0,99.0909090909091,25.92,single,False,3.16,2,2024-05-18,47.0,4,39.73,7
Kill Bill,2024-05-21,46.0,SZA,94.0,2,2024-05-19,46.0,1,40.0,20,6.0,94.0,0.0,2024-05-29,8,14.634146341463412,0.0,92.72727272727272,25.86,album,False,2.57,23,2024-05-18,45.0,3,36.62,20
Love Always Run Away,2024-05-23,47.0,Lim Young Woong,58.0,2,2024-05-18,50.0,4,47.0,1,0.0,58.0,0.0,2024-05-23,0,0.0,0.0,100.0,20.0,single,False,4.05,2,2024-05-18,50.0,14,51.01,1
VIBE (feat. Jimin of BTS),2024-05-24,43.0,TAEYANG,68.0,2,2024-05-22,49.0,1,35.0,12,8.0,69.0,1.0,2024-05-28,4,19.51219512195122,1.1494252873563218,96.36363636363636,29.37,album,False,2.93,6,2024-05-18,36.0,7,45.68,12
Interlude : Dive,2024-05-24,48.0,Jimin,77.0,2,2024-05-20,38.0,3,7.0,66,41.0,78.0,1.0,2024-06-25,32,100.0,1.1494252873563218,70.9090909090909,64.53,single,False,2.18,6,2024-05-18,42.0,19,79.39,66
Love Always Run Away,2024-05-25,50.0,Lim Young Woong,58.0,3,2024-05-23,47.0,1,50.0,1,0.0,58.0,0.0,2024-05-25,0,0.0,0.0,100.0,20.0,single,False,4.05,2,2024-05-18,50.0,14,51.01,1
Like Crazy (UK Garage Remix),2024-05-28,44.0,Jimin,72.0,2,2024-05-20,47.0,7,44.0,1,0.0,72.0,0.0,2024-05-28,0,0.0,0.0,100.0,20.0,single,False,3.51,5,2024-05-19,49.0,8,42.13,1
Promise,2024-05-28,45.0,Jimin,77.0,2,2024-05-20,43.0,7,45.0,1,0.0,77.0,0.0,2024-05-28,0,0.0,0.0,100.0,20.0,single,False,2.52,1,2024-05-18,48.0,9,43.61,1
Like Crazy (Deep House Remix),2024-05-28,43.0,Jimin,73.0,2,2024-05-20,46.0,7,43.0,1,0.0,73.0,0.0,2024-05-28,0,0.0,0.0,100.0,20.0,single,False,3.01,5,2024-05-19,47.0,9,43.61,1
LOVE DIVE,2024-05-29,49.0,IVE,83.0,3,2024-05-22,50.0,6,49.0,1,0.0,83.0,0.0,2024-05-29,0,0.0,0.0,100.0,20.0,single,False,2.95,2,2024-05-18,49.0,3,34.72,1
Teddy Bear,2024-05-29,45.0,STAYC,74.0,3,2024-05-27,49.0,1,45.0,1,0.0,74.0,0.0,2024-05-29,0,0.0,0.0,100.0,20.0,single,False,3.16,2,2024-05-18,47.0,4,36.2,1
Promise,2024-05-30,42.0,Jimin,77.0,3,2024-05-28,45.0,1,42.0,1,0.0,77.0,0.0,2024-05-30,0,0.0,0.0,100.0,20.0,single,False,2.52,1,2024-05-18,48.0,9,43.61,1
Like Crazy (Deep House Remix),2024-05-30,48.0,Jimin,72.0,3,2024-05-28,43.0,1,48.0,1,0.0,72.0,0.0,2024-05-30,0,0.0,0.0,100.0,20.0,single,False,3.01,5,2024-05-19,47.0,9,43.61,1
Love Always Run Away,2024-05-30,49.0,Lim Young Woong,58.0,4,2024-05-25,50.0,4,49.0,2,0.0,58.0,0.0,2024-05-30,0,0.0,0.0,100.0,20.0,single,False,4.05,2,2024-05-18,50.0,14,51.01,2
I Love You,2024-05-30,46.0,Lim Young Woong,56.0,2,2024-05-27,47.0,2,46.0,2,0.0,56.0,0.0,2024-05-30,0,0.0,0.0,100.0,20.0,album,False,3.98,12,2024-05-19,50.0,12,48.05,2
Teddy Bear,2024-05-31,48.0,STAYC,74.0,4,2024-05-29,45.0,1,48.0,3,0.0,74.0,0.0,2024-05-31,0,0.0,0.0,100.0,20.0,single,False,3.16,2,2024-05-18,47.0,4,36.2,3
Candy (Feat. Zion.T),2024-05-31,47.0,Jay Park,62.0,2,2024-05-28,49.0,2,45.0,2,2.0,63.0,1.0,2024-06-01,1,4.878048780487805,1.1494252873563218,99.0909090909091,22.6,single,False,3.1,1,2024-05-26,31.0,3,36.14,2
Like Crazy (Deep House Remix),2024-06-01,47.0,Jimin,72.0,4,2024-05-30,48.0,1,46.0,3,1.0,72.0,0.0,2024-06-03,2,2.4390243902439024,0.0,98.1818181818182,20.86,single,False,3.01,5,2024-05-19,47.0,9,43.7,3
Like Crazy (UK Garage Remix),2024-06-01,50.0,Jimin,72.0,3,2024-05-28,44.0,3,50.0,1,0.0,72.0,0.0,2024-06-01,0,0.0,0.0,100.0,20.0,single,False,3.51,5,2024-05-19,49.0,8,42.13,1
Love Always Run Away,2024-06-02,50.0,Lim Young Woong,58.0,5,2024-05-31,49.0,1,47.0,2,3.0,58.0,0.0,2024-06-03,1,7.317073170731707,0.0,99.0909090909091,23.48,single,False,4.05,2,2024-05-18,50.0,14,52.99,2
Promise,2024-06-02,42.0,Jimin,77.0,4,2024-05-30,42.0,2,42.0,1,0.0,77.0,0.0,2024-06-02,0,0.0,0.0,100.0,20.0,single,False,2.52,1,2024-05-18,48.0,9,43.61,1
I Love You,2024-06-03,44.0,Lim Young Woong,56.0,3,2024-05-31,50.0,2,43.0,4,1.0,56.0,0.0,2024-06-05,2,2.4390243902439024,0.0,98.1818181818182,20.86,album,False,3.98,12,2024-05-19,50.0,12,48.14,4
Lovely Touch,2024-06-03,48.0,Lim Young Woong,56.0,2,2024-05-24,45.0,9,48.0,1,0.0,56.0,0.0,2024-06-03,0,0.0,0.0,100.0,20.0,album,False,3.25,12,2024-05-23,49.0,5,37.68,1
NIGHT DANCER - BIG Naughty Remix,2024-06-03,50.0,imase & BIG Naughty,59.0,2,2024-05-23,41.0,10,37.0,7,13.0,61.0,2.0,2024-06-05,2,31.70731707317073,2.2988505747126435,98.1818181818182,36.18,single,False,3.51,2,2024-05-21,50.0,1,41.56,7
Like Crazy (UK Garage Remix),2024-06-03,49.0,Jimin,72.0,4,2024-06-01,50.0,1,49.0,1,0.0,72.0,0.0,2024-06-03,0,0.0,0.0,100.0,20.0,single,False,3.51,5,2024-05-19,49.0,8,42.13,1
Dangerously,2024-06-04,47.0,Charlie Puth,48.0,2,2024-06-02,47.0,1,44.0,5,3.0,63.0,15.0,2024-06-05,1,7.317073170731707,17.24137931034483,99.0909090909091,28.65,album,False,3.32,14,2024-05-18,43.0,4,41.46,5
Love Me Like This,2024-06-05,50.0,NMIXX,79.0,2,2024-06-02,46.0,2,50.0,1,0.0,79.0,0.0,2024-06-05,0,0.0,0.0,100.0,20.0,single,False,3.15,6,2024-05-18,37.0,2,33.24,1
Lovely Touch,2024-06-05,49.0,Lim Young Woong,56.0,3,2024-06-03,48.0,1,48.0,2,1.0,56.0,0.0,2024-06-06,1,2.4390243902439024,0.0,99.0909090909091,21.04,album,False,3.25,12,2024-05-23,49.0,5,38.11,2
Teddy Bear,2024-06-05,46.0,STAYC,73.0,5,2024-06-02,49.0,2,46.0,1,0.0,73.0,0.0,2024-06-05,0,0.0,0.0,100.0,20.0,single,False,3.16,2,2024-05-18,47.0,4,36.2,1
Candy (Feat. Zion.T),2024-06-05,45.0,Jay Park,65.0,3,2024-06-01,45.0,3,45.0,1,0.0,65.0,0.0,2024-06-05,0,0.0,0.0,100.0,20.0,single,False,3.1,1,2024-05-26,31.0,3,34.72,1
Love Always Run Away,2024-06-05,48.0,Lim Young Woong,58.0,6,2024-06-03,47.0,1,46.0,3,2.0,58.0,0.0,2024-06-06,1,4.878048780487805,0.0,99.0909090909091,22.26,single,False,4.05,2,2024-05-18,50.0,14,52.22,3
Fighting (Feat. Lee Young Ji),2024-06-06,49.0,BSS,78.0,2,2024-06-02,45.0,3,49.0,2,0.0,78.0,0.0,2024-06-06,0,0.0,0.0,100.0,20.0,single,False,3.41,3,2024-05-18,44.0,1,31.76,2
VIBE (feat. Jimin of BTS),2024-06-06,45.0,TAEYANG,69.0,3,2024-06-04,36.0,1,28.0,40,17.0,72.0,3.0,2024-06-18,12,41.46341463414634,3.4482758620689653,89.0909090909091,39.58,album,False,2.93,6,2024-05-18,36.0,7,50.34,40
People Pt.2 (feat. IU),2024-06-07,45.0,Agust D,80.0,2,2024-06-03,43.0,3,45.0,1,0.0,80.0,0.0,2024-06-07,0,0.0,0.0,100.0,20.0,album,False,3.57,10,2024-05-18,38.0,2,33.24,1
Love Me Like This,2024-06-07,50.0,NMIXX,30.0,3,2024-06-05,50.0,1,50.0,1,0.0,30.0,0.0,2024-06-07,0,0.0,0.0,100.0,20.0,single,False,3.15,6,2024-05-18,37.0,2,33.24,1
Promise,2024-06-08,50.0,Jimin,77.0,5,2024-06-02,42.0,5,50.0,1,0.0,77.0,0.0,2024-06-08,0,0.0,0.0,100.0,20.0,single,False,2.52,1,2024-05-18,48.0,9,43.61,1
Like Crazy (Deep House Remix),2024-06-08,45.0,Jimin,72.0,5,2024-06-03,46.0,4,45.0,1,0.0,72.0,0.0,2024-06-08,0,0.0,0.0,100.0,20.0,single,False,3.01,5,2024-05-19,47.0,9,43.61,1
With you,2024-06-08,44.0,Jimin & HA SUNG WOON,76.0,2,2024-05-20,50.0,18,20.0,17,24.0,76.0,0.0,2024-06-21,13,58.53658536585365,0.0,88.18181818181819,46.9,single,False,3.37,2,2024-05-20,50.0,4,50.31,17
Like Crazy (UK Garage Remix),2024-06-08,49.0,Jimin,71.0,5,2024-06-03,49.0,4,49.0,1,0.0,71.0,0.0,2024-06-08,0,0.0,0.0,100.0,20.0,single,False,3.51,5,2024-05-19,49.0,8,42.13,1
Dance The Night (From Barbie The Album),2024-06-09,46.0,Dua Lipa,90.0,2,2024-06-03,42.0,5,46.0,1,0.0,90.0,0.0,2024-06-09,0,0.0,0.0,100.0,20.0,single,False,2.94,1,2024-06-03,42.0,3,34.72,1
A bientot,2024-06-09,44.0,Lim Young Woong,58.0,2,2024-06-07,41.0,1,40.0,12,4.0,58.0,0.0,2024-06-10,1,9.75609756097561,0.0,99.0909090909091,24.7,album,False,4.27,12,2024-05-18,41.0,22,65.62,12
Love Always Run Away,2024-06-09,48.0,Lim Young Woong,58.0,7,2024-06-07,48.0,1,47.0,2,1.0,58.0,0.0,2024-06-10,1,2.4390243902439024,0.0,99.0909090909091,21.04,single,False,4.05,2,2024-05-18,50.0,14,51.45,2
Candy (Feat. Zion.T),2024-06-09,50.0,Jay Park,66.0,4,2024-06-05,45.0,3,50.0,1,0.0,66.0,0.0,2024-06-09,0,0.0,0.0,100.0,20.0,single,False,3.1,1,2024-05-26,31.0,3,34.72,1
Like Crazy (UK Garage Remix),2024-06-10,48.0,Jimin,71.0,6,2024-06-08,49.0,1,38.0,8,10.0,71.0,0.0,2024-06-11,1,24.390243902439025,0.0,99.0909090909091,32.01,single,False,3.51,5,2024-05-19,49.0,8,49.52,8
Promise,2024-06-10,50.0,Jimin,77.0,6,2024-06-08,50.0,1,31.0,17,19.0,77.0,0.0,2024-06-22,12,46.34146341463415,0.0,89.0909090909091,40.99,single,False,2.52,1,2024-05-18,48.0,9,54.19,17
I Love You,2024-06-10,46.0,Lim Young Woong,56.0,4,2024-06-06,43.0,3,46.0,2,0.0,56.0,0.0,2024-06-10,0,0.0,0.0,100.0,20.0,album,False,3.98,12,2024-05-19,50.0,12,48.05,2
Like Crazy (Deep House Remix),2024-06-10,45.0,Jimin,71.0,6,2024-06-08,45.0,1,36.0,8,9.0,71.0,0.0,2024-06-12,2,21.951219512195124,0.0,98.1818181818182,30.61,single,False,3.01,5,2024-05-19,47.0,9,49.88,8
Kill Bill,2024-06-11,49.0,SZA,94.0,3,2024-06-09,49.0,1,44.0,9,5.0,94.0,0.0,2024-06-18,7,12.195121951219512,0.0,93.63636363636364,24.82,album,False,2.57,23,2024-05-18,45.0,3,36.18,9
Vancouver,2024-06-12,50.0,BIG Naughty,59.0,2,2024-06-10,39.0,1,50.0,2,0.0,59.0,0.0,2024-06-12,0,0.0,0.0,100.0,20.0,single,False,3.6,2,2024-06-05,41.0,2,33.24,2
Love Always Run Away,2024-06-13,47.0,Lim Young Woong,58.0,8,2024-06-10,47.0,2,47.0,1,0.0,58.0,0.0,2024-06-13,0,0.0,0.0,100.0,20.0,single,False,4.05,2,2024-05-18,50.0,14,51.01,1
Dangerously,2024-06-13,49.0,Charlie Puth,64.0,3,2024-06-08,46.0,4,49.0,1,0.0,64.0,0.0,2024-06-13,0,0.0,0.0,100.0,20.0,album,False,3.32,14,2024-05-18,43.0,4,36.2,1
I Love You,2024-06-13,46.0,Lim Young Woong,56.0,5,2024-06-11,50.0,1,46.0,2,0.0,56.0,0.0,2024-06-13,0,0.0,0.0,100.0,20.0,album,False,3.98,12,2024-05-19,50.0,12,48.05,2
Like Crazy (Instrumental),2024-06-14,49.0,Jimin,68.0,2,2024-06-12,47.0,1,48.0,2,1.0,68.0,0.0,2024-06-15,1,2.4390243902439024,0.0,99.0909090909091,21.04,single,False,3.54,5,2024-06-11,48.0,2,33.67,2
Bite Me,2024-06-14,47.0,ENHYPEN,88.0,2,2024-06-10,49.0,3,47.0,5,0.0,89.0,1.0,2024-06-14,0,0.0,1.1494252873563218,100.0,20.34,single,False,2.63,6,2024-05-24,39.0,1,31.97,5
Filter,2024-06-14,43.0,BTS,75.0,2,2024-06-12,46.0,1,43.0,2,0.0,75.0,0.0,2024-06-14,0,0.0,0.0,100.0,20.0,album,False,3.0,20,2024-06-12,46.0,3,34.72,2
Haegeum,2024-06-16,48.0,Agust D,90.0,2,2024-06-12,49.0,3,44.0,3,4.0,90.0,0.0,2024-06-17,1,9.75609756097561,0.0,99.0909090909091,24.7,album,False,2.82,10,2024-05-18,25.0,5,40.43,3
Dangerously,2024-06-16,44.0,Charlie Puth,64.0,4,2024-06-13,49.0,2,42.0,5,2.0,64.0,0.0,2024-06-19,3,4.878048780487805,0.0,97.27272727272728,21.89,album,False,3.32,14,2024-05-18,43.0,4,36.72,5
I Don’t Think That I Like Her,2024-06-16,49.0,Charlie Puth,73.0,2,2024-05-29,47.0,17,49.0,1,0.0,73.0,0.0,2024-06-16,0,0.0,0.0,100.0,20.0,album,False,3.14,12,2024-05-29,47.0,4,36.2,1
I Don’t Think That I Like Her,2024-06-18,49.0,Charlie Puth,73.0,3,2024-06-16,49.0,1,46.0,3,3.0,73.0,0.0,2024-06-19,1,7.317073170731707,0.0,99.0909090909091,23.48,album,False,3.14,12,2024-05-29,47.0,4,38.18,3
LOVE DIVE,2024-06-19,48.0,IVE,83.0,4,2024-05-29,49.0,20,48.0,1,0.0,83.0,0.0,2024-06-19,0,0.0,0.0,100.0,20.0,single,False,2.95,2,2024-05-18,49.0,3,34.72,1
Like Crazy (UK Garage Remix),2024-06-20,42.0,Jimin,71.0,7,2024-06-17,48.0,2,35.0,5,7.0,71.0,0.0,2024-06-22,2,17.073170731707318,0.0,98.1818181818182,28.17,single,False,3.51,5,2024-05-19,49.0,8,46.85,5
Like Crazy (Deep House Remix),2024-06-20,43.0,Jimin,71.0,7,2024-06-17,46.0,2,33.0,5,10.0,71.0,0.0,2024-06-22,2,24.390243902439025,0.0,98.1818181818182,31.83,single,False,3.01,5,2024-05-19,47.0,9,50.66,5
Haegeum,2024-06-21,50.0,Agust D,90.0,3,2024-06-18,45.0,2,29.0,114,21.0,90.0,0.0,2024-08-12,52,51.21951219512195,0.0,52.727272727272734,36.16,album,False,2.82,10,2024-05-18,25.0,5,36.11,114
Christmas Love,2024-06-21,48.0,Jimin,68.0,2,2024-06-18,50.0,2,48.0,2,0.0,68.0,0.0,2024-06-21,0,0.0,0.0,100.0,20.0,single,False,3.3,1,2024-06-18,50.0,14,51.01,2
Like Crazy (Instrumental),2024-06-21,41.0,Jimin,68.0,3,2024-06-15,48.0,5,41.0,2,0.0,68.0,0.0,2024-06-21,0,0.0,0.0,100.0,20.0,single,False,3.54,5,2024-06-11,48.0,2,33.24,2
Filter,2024-06-21,47.0,BTS,76.0,3,2024-06-15,45.0,5,47.0,2,0.0,76.0,0.0,2024-06-21,0,0.0,0.0,100.0,20.0,album,False,3.0,20,2024-06-12,46.0,3,34.72,2
The Planet,2024-06-22,42.0,BTS,88.0,2,2024-06-20,46.0,1,42.0,3,0.0,88.0,0.0,2024-06-22,0,0.0,0.0,100.0,20.0,single,False,2.97,1,2024-05-18,19.0,3,34.72,3
A bientot,2024-06-22,46.0,Lim Young Woong,58.0,3,2024-06-20,48.0,1,39.0,13,7.0,58.0,0.0,2024-06-24,2,17.073170731707318,0.0,98.1818181818182,28.17,album,False,4.27,12,2024-05-18,41.0,22,67.59,13
FLOWER,2024-06-23,48.0,JISOO,85.0,2,2024-06-21,49.0,1,37.0,5,11.0,85.0,0.0,2024-06-25,2,26.82926829268293,0.0,98.1818181818182,33.05,single,False,2.89,2,2024-05-18,20.0,3,42.54,5
Kill Bill,2024-06-23,47.0,SZA,94.0,4,2024-06-19,47.0,3,42.0,12,5.0,94.0,0.0,2024-07-02,9,12.195121951219512,0.0,91.81818181818184,24.46,album,False,2.57,23,2024-05-18,45.0,3,35.5,12
I Don’t Think That I Like Her,2024-06-25,48.0,Charlie Puth,73.0,4,2024-06-20,49.0,4,48.0,2,0.0,73.0,0.0,2024-06-25,0,0.0,0.0,100.0,20.0,album,False,3.14,12,2024-05-29,47.0,4,36.2,2
Like Crazy (UK Garage Remix),2024-06-27,46.0,Jimin,71.0,8,2024-06-24,49.0,2,40.0,5,6.0,71.0,0.0,2024-06-28,1,14.634146341463412,0.0,99.0909090909091,27.14,single,False,3.51,5,2024-05-19,49.0,8,46.43,5
Like Crazy (Deep House Remix),2024-06-27,45.0,Jimin,71.0,8,2024-06-24,47.0,2,38.0,5,7.0,71.0,0.0,2024-06-28,1,17.073170731707318,0.0,99.0909090909091,28.35,single,False,3.01,5,2024-05-19,47.0,9,48.68,5
Promise,2024-06-28,42.0,Jimin,77.0,7,2024-06-26,45.0,1,41.0,4,1.0,77.0,0.0,2024-07-01,3,2.4390243902439024,0.0,97.27272727272728,20.67,single,False,2.52,1,2024-05-18,48.0,9,43.35,4
With you,2024-06-28,43.0,Jimin & HA SUNG WOON,76.0,3,2024-06-24,43.0,3,43.0,1,0.0,76.0,0.0,2024-06-28,0,0.0,0.0,100.0,20.0,single,False,3.37,2,2024-05-20,50.0,4,36.2,1
FLOWER,2024-06-29,44.0,JISOO,85.0,3,2024-06-27,40.0,1,44.0,2,0.0,85.0,0.0,2024-06-29,0,0.0,0.0,100.0,20.0,single,False,2.89,2,2024-05-18,20.0,3,34.72,2
I Don’t Think That I Like Her,2024-07-01,50.0,Charlie Puth,74.0,5,2024-06-26,48.0,4,50.0,1,0.0,74.0,0.0,2024-07-01,0,0.0,0.0,100.0,20.0,album,False,3.14,12,2024-05-29,47.0,4,36.2,1
Dangerously,2024-07-01,44.0,Charlie Puth,65.0,5,2024-06-20,50.0,10,44.0,1,0.0,65.0,0.0,2024-07-01,0,0.0,0.0,100.0,20.0,album,False,3.32,14,2024-05-18,43.0,4,36.2,1
People Pt.2 (feat. IU),2024-07-02,35.0,Agust D,78.0,3,2024-06-07,45.0,24,14.0,126,21.0,78.0,0.0,2024-08-11,40,51.21951219512195,0.0,63.63636363636363,38.34,album,False,3.57,10,2024-05-18,38.0,2,35.78,126
The Planet,2024-07-02,44.0,BTS,87.0,3,2024-06-24,48.0,7,43.0,3,1.0,87.0,0.0,2024-07-03,1,2.4390243902439024,0.0,99.0909090909091,21.04,single,False,2.97,1,2024-05-18,19.0,3,35.15,3
Promise,2024-07-03,47.0,Jimin,77.0,8,2024-07-01,41.0,1,47.0,2,0.0,77.0,0.0,2024-07-03,0,0.0,0.0,100.0,20.0,single,False,2.52,1,2024-05-18,48.0,9,43.61,2
Like Crazy (UK Garage Remix),2024-07-03,50.0,Jimin,71.0,9,2024-07-01,42.0,1,50.0,1,0.0,71.0,0.0,2024-07-03,0,0.0,0.0,100.0,20.0,single,False,3.51,5,2024-05-19,49.0,8,42.13,1
Like Crazy (Deep House Remix),2024-07-03,49.0,Jimin,71.0,9,2024-07-01,39.0,1,49.0,1,0.0,71.0,0.0,2024-07-03,0,0.0,0.0,100.0,20.0,single,False,3.01,5,2024-05-19,47.0,9,43.61,1
Thirsty,2024-07-04,50.0,aespa,77.0,2,2024-07-02,49.0,1,50.0,1,0.0,77.0,0.0,2024-07-04,0,0.0,0.0,100.0,20.0,single,False,3.22,6,2024-05-18,24.0,1,31.76,1
Dare to Love (feat. BIG Naughty),2024-07-04,48.0,B.I,64.0,2,2024-07-01,48.0,2,48.0,1,0.0,64.0,0.0,2024-07-04,0,0.0,0.0,100.0,20.0,album,False,2.93,15,2024-06-25,49.0,1,31.76,1
With you,2024-07-05,50.0,Jimin & HA SUNG WOON,77.0,4,2024-06-28,43.0,6,50.0,2,0.0,77.0,0.0,2024-07-05,0,0.0,0.0,100.0,20.0,single,False,3.37,2,2024-05-20,50.0,4,36.2,2
Cruel Summer,2024-07-07,44.0,Taylor Swift,98.0,2,2024-07-04,35.0,2,35.0,85,9.0,100.0,2.0,2024-08-06,30,21.951219512195124,2.2988505747126435,72.72727272727273,26.21,album,False,2.97,18,2024-07-02,38.0,13,46.65,85
Super,2024-07-07,47.0,SEVENTEEN,88.0,2,2024-07-04,33.0,2,37.0,22,10.0,88.0,0.0,2024-07-10,3,24.390243902439025,0.0,97.27272727272728,31.65,single,False,3.34,6,2024-05-18,13.0,2,39.94,22
Promise,2024-07-07,46.0,Jimin,77.0,9,2024-07-04,49.0,2,36.0,4,10.0,77.0,0.0,2024-07-09,2,24.390243902439025,0.0,98.1818181818182,31.83,single,False,2.52,1,2024-05-18,48.0,9,50.66,4
Attention,2024-07-07,37.0,NewJeans,85.0,2,2024-07-04,29.0,2,26.0,55,11.0,85.0,0.0,2024-07-14,7,26.82926829268293,0.0,93.63636363636364,32.14,single,False,3.0,4,2024-05-18,30.0,10,51.2,55
Cupid - Twin Ver.,2024-07-07,43.0,FIFTY FIFTY,99.0,2,2024-07-04,31.0,2,36.0,15,7.0,99.0,0.0,2024-07-10,3,17.073170731707318,0.0,97.27272727272728,27.99,single,False,2.9,3,2024-05-18,10.0,3,39.1,15
Sunflower - Spider-Man: Into the Spider-Verse,2024-07-07,50.0,Post Malone,89.0,2,2024-07-04,32.0,2,45.0,2,5.0,89.0,0.0,2024-07-08,1,12.195121951219512,0.0,99.0909090909091,25.92,album,False,2.63,17,2024-06-23,49.0,5,41.21,2
Rainbow,2024-07-08,50.0,Lim Young Woong,60.0,2,2024-07-04,37.0,3,50.0,1,0.0,60.0,0.0,2024-07-08,0,0.0,0.0,100.0,20.0,album,False,3.27,12,2024-05-18,33.0,16,53.98,1
Cupid,2024-07-09,50.0,FIFTY FIFTY,87.0,2,2024-07-04,36.0,4,42.0,4,8.0,87.0,0.0,2024-07-10,1,19.51219512195122,0.0,99.0909090909091,29.57,single,False,2.9,3,2024-05-18,16.0,1,37.6,4
Like Crazy (Deep House Remix),2024-07-09,46.0,Jimin,71.0,10,2024-07-03,49.0,5,46.0,1,0.0,71.0,0.0,2024-07-09,0,0.0,0.0,100.0,20.0,single,False,3.01,5,2024-05-19,47.0,9,43.61,1
Rainbow,2024-07-10,43.0,Lim Young Woong,60.0,3,2024-07-08,50.0,1,37.0,17,6.0,60.0,0.0,2024-07-11,1,14.634146341463412,0.0,99.0909090909091,27.14,album,False,3.27,12,2024-05-18,33.0,16,58.28,17
Sunflower - Spider-Man: Into the Spider-Verse,2024-07-10,46.0,Post Malone,89.0,3,2024-07-08,45.0,1,46.0,5,0.0,89.0,0.0,2024-07-10,0,0.0,0.0,100.0,20.0,album,False,2.63,17,2024-06-23,49.0,5,37.68,5
"Our Blues, Our Life",2024-07-10,45.0,Lim Young Woong,60.0,2,2024-07-04,40.0,5,43.0,17,2.0,60.0,0.0,2024-07-11,1,4.878048780487805,0.0,99.0909090909091,22.26,album,False,3.46,12,2024-05-18,39.0,28,72.96,17
A bientot,2024-07-11,47.0,Lim Young Woong,59.0,4,2024-07-04,47.0,6,47.0,1,0.0,59.0,0.0,2024-07-11,0,0.0,0.0,100.0,20.0,album,False,4.27,12,2024-05-18,41.0,22,62.87,1
Promise,2024-07-12,49.0,Jimin,77.0,10,2024-07-10,47.0,1,49.0,1,0.0,77.0,0.0,2024-07-12,0,0.0,0.0,100.0,20.0,single,False,2.52,1,2024-05-18,48.0,9,43.61,1
A bientot,2024-07-13,50.0,Lim Young Woong,59.0,5,2024-07-11,47.0,1,50.0,1,0.0,59.0,0.0,2024-07-13,0,0.0,0.0,100.0,20.0,album,False,4.27,12,2024-05-18,41.0,22,62.87,1
The Planet,2024-07-16,46.0,BTS,86.0,4,2024-07-04,43.0,11,46.0,1,0.0,86.0,0.0,2024-07-16,0,0.0,0.0,100.0,20.0,single,False,2.97,1,2024-05-18,19.0,3,34.72,1
Sunflower - Spider-Man: Into the Spider-Verse,2024-07-16,50.0,Post Malone,89.0,4,2024-07-14,49.0,1,50.0,1,0.0,89.0,0.0,2024-07-16,0,0.0,0.0,100.0,20.0,album,False,2.63,17,2024-06-23,49.0,5,37.68,1
In Bloom,2024-07-17,48.0,ZEROBASEONE,76.0,2,2024-07-14,44.0,2,48.0,3,0.0,78.0,2.0,2024-07-17,0,0.0,2.2988505747126435,100.0,20.69,single,False,3.02,6,2024-07-13,39.0,2,33.67,3
A bientot,2024-07-17,50.0,Lim Young Woong,59.0,6,2024-07-13,50.0,3,50.0,2,0.0,59.0,0.0,2024-07-17,0,0.0,0.0,100.0,20.0,album,False,4.27,12,2024-05-18,41.0,22,62.87,2
ANTIFRAGILE,2024-07-17,49.0,LE SSERAFIM,79.0,2,2024-07-04,42.0,12,49.0,2,0.0,79.0,0.0,2024-07-17,0,0.0,0.0,100.0,20.0,album,False,3.07,13,2024-05-18,29.0,1,31.76,2
Broken Melodies,2024-07-20,44.0,NCT DREAM,56.0,2,2024-06-30,50.0,19,44.0,2,0.0,56.0,0.0,2024-07-20,0,0.0,0.0,100.0,20.0,single,False,3.77,1,2024-06-21,14.0,1,31.76,2
VIBE (feat. Jimin of BTS),2024-07-20,49.0,TAEYANG,72.0,4,2024-07-15,50.0,4,49.0,1,0.0,72.0,0.0,2024-07-20,0,0.0,0.0,100.0,20.0,album,False,2.93,6,2024-05-18,36.0,7,40.64,1
Sunflower - Spider-Man: Into the Spider-Verse,2024-07-21,48.0,Post Malone,88.0,5,2024-07-16,50.0,4,47.0,2,1.0,88.0,0.0,2024-07-22,1,2.4390243902439024,0.0,99.0909090909091,21.04,album,False,2.63,17,2024-06-23,49.0,5,38.11,2
In Bloom,2024-07-22,50.0,ZEROBASEONE,79.0,3,2024-07-19,49.0,2,50.0,1,0.0,79.0,0.0,2024-07-22,0,0.0,0.0,100.0,20.0,single,False,3.02,6,2024-07-13,39.0,2,33.24,1
Lilith (feat. SUGA of BTS) (Diablo IV Anthem),2024-07-22,46.0,Halsey & SUGA,85.0,2,2024-07-19,47.0,2,40.0,7,6.0,85.0,0.0,2024-07-23,1,14.634146341463412,0.0,99.0909090909091,27.14,single,True,3.02,1,2024-06-07,28.0,6,43.46,7
FLOWER,2024-07-23,45.0,JISOO,84.0,4,2024-06-30,44.0,22,45.0,2,0.0,84.0,0.0,2024-07-23,0,0.0,0.0,100.0,20.0,single,False,2.89,2,2024-05-18,20.0,3,34.72,2
A bientot,2024-07-23,50.0,Lim Young Woong,58.0,7,2024-07-18,50.0,4,46.0,3,4.0,58.0,0.0,2024-07-25,2,9.75609756097561,0.0,98.1818181818182,24.51,album,False,4.27,12,2024-05-18,41.0,22,65.27,3
vampire,2024-07-25,48.0,Olivia Rodrigo,98.0,2,2024-07-22,42.0,2,42.0,4,6.0,99.0,1.0,2024-07-27,2,14.634146341463412,1.1494252873563218,98.1818181818182,27.3,single,True,3.66,1,2024-07-02,22.0,2,37.41,4
Dance The Night (From Barbie The Album),2024-07-26,45.0,Dua Lipa,95.0,3,2024-06-09,46.0,46,41.0,3,4.0,96.0,1.0,2024-07-27,1,9.75609756097561,1.1494252873563218,99.0909090909091,25.04,single,False,2.94,1,2024-06-03,42.0,3,37.69,3
Cupid - Twin Ver.,2024-07-26,49.0,FIFTY FIFTY,97.0,3,2024-07-21,45.0,4,49.0,1,0.0,97.0,0.0,2024-07-26,0,0.0,0.0,100.0,20.0,single,False,2.9,3,2024-05-18,10.0,3,34.72,1
Seven (feat. Latto) (Band Ver.),2024-07-27,34.0,Jung Kook & Latto,77.0,2,2024-07-22,16.0,4,34.0,4,0.0,77.0,0.0,2024-07-27,0,0.0,0.0,100.0,20.0,single,False,3.16,5,2024-07-19,25.0,3,34.72,4
My You,2024-07-27,49.0,Jung Kook,87.0,2,2024-07-22,35.0,4,49.0,2,0.0,87.0,0.0,2024-07-27,0,0.0,0.0,100.0,20.0,single,False,2.75,1,2024-07-05,21.0,6,39.16,2
Seven (feat. Latto) (Summer Mix),2024-07-27,35.0,Jung Kook & Latto,77.0,2,2024-07-22,12.0,4,35.0,2,0.0,78.0,1.0,2024-07-27,0,0.0,1.1494252873563218,100.0,20.34,single,False,3.36,5,2024-07-19,27.0,1,31.97,2
K-POP,2024-07-29,46.0,Travis Scott & Bad Bunny & The Weeknd,91.0,2,2024-07-26,47.0,2,46.0,2,0.0,92.0,1.0,2024-07-29,0,0.0,1.1494252873563218,100.0,20.34,single,True,3.09,1,2024-07-23,39.0,1,31.97,2
Dance The Night (From Barbie The Album),2024-07-30,50.0,Dua Lipa,96.0,4,2024-07-28,41.0,1,41.0,13,9.0,97.0,1.0,2024-08-06,7,21.951219512195124,1.1494252873563218,93.63636363636364,30.05,single,False,2.94,1,2024-06-03,42.0,3,39.5,13
If We Ever Meet Again,2024-07-30,40.0,Lim Young Woong,61.0,2,2024-07-28,43.0,1,12.0,299,28.0,65.0,4.0,2024-11-17,110,68.29268292682927,4.597701149425287,0.0,35.53,album,False,4.57,12,2024-05-18,27.0,4,21.05,299
Interlude : Dive,2024-07-30,44.0,Jimin,78.0,3,2024-07-28,45.0,1,14.0,45,30.0,78.0,0.0,2024-08-16,17,73.17073170731707,0.0,84.54545454545455,53.49,single,False,2.18,6,2024-05-18,42.0,19,75.8,45
Let's Say Goodbye,2024-07-30,38.0,Parc Jae Jung,53.0,2,2024-07-28,39.0,1,30.0,45,8.0,55.0,2.0,2024-08-27,28,19.51219512195122,2.2988505747126435,74.54545454545455,25.35,album,False,4.06,10,2024-07-14,50.0,2,30.27,45
"Angel Pt. 2 (feat. Jimin of BTS, Charlie Puth and Muni Long)",2024-07-31,45.0,Fast & Furious: The Fast Saga & Jimin & BTS,74.0,2,2024-07-28,46.0,2,42.0,20,3.0,74.0,0.0,2024-08-03,3,7.317073170731707,0.0,97.27272727272728,23.11,single,False,2.94,2,2024-06-17,5.0,3,36.01,20
My You,2024-07-31,50.0,Jung Kook,86.0,3,2024-07-28,49.0,2,50.0,2,0.0,86.0,0.0,2024-07-31,0,0.0,0.0,100.0,20.0,single,False,2.75,1,2024-07-05,21.0,6,39.16,2
Super,2024-07-31,49.0,SEVENTEEN,86.0,3,2024-07-28,48.0,2,44.0,9,5.0,86.0,0.0,2024-08-06,6,12.195121951219512,0.0,94.54545454545456,25.01,single,False,3.34,6,2024-05-18,13.0,2,35.05,9
Lilith (feat. SUGA of BTS) (Diablo IV Anthem),2024-07-31,41.0,Halsey & SUGA,84.0,3,2024-07-28,50.0,2,40.0,6,1.0,84.0,0.0,2024-08-03,3,2.4390243902439024,0.0,97.27272727272728,20.67,single,True,3.02,1,2024-06-07,28.0,6,38.91,6
Rainbow,2024-07-31,46.0,Lim Young Woong,59.0,4,2024-07-26,48.0,4,40.0,31,6.0,59.0,0.0,2024-08-07,7,14.634146341463412,0.0,93.63636363636364,26.04,album,False,3.27,12,2024-05-18,33.0,16,56.22,31
vampire,2024-07-31,48.0,Olivia Rodrigo,98.0,3,2024-07-28,42.0,2,42.0,13,6.0,98.0,0.0,2024-08-06,6,14.634146341463412,0.0,94.54545454545456,26.23,single,True,3.66,1,2024-07-02,22.0,2,35.82,13
"Our Blues, Our Life",2024-07-31,47.0,Lim Young Woong,59.0,3,2024-07-26,50.0,4,42.0,18,5.0,59.0,0.0,2024-08-07,7,12.195121951219512,0.0,93.63636363636364,24.82,album,False,3.46,12,2024-05-18,39.0,28,73.22,18
Seven (feat. Latto) (Band Ver.),2024-08-02,49.0,Jung Kook & Latto,77.0,3,2024-07-30,46.0,2,49.0,1,0.0,77.0,0.0,2024-08-02,0,0.0,0.0,100.0,20.0,single,False,3.16,5,2024-07-19,25.0,3,34.72,1
My You,2024-08-03,47.0,Jung Kook,85.0,4,2024-08-01,50.0,1,47.0,2,0.0,85.0,0.0,2024-08-03,0,0.0,0.0,100.0,20.0,single,False,2.75,1,2024-07-05,21.0,6,39.16,2
A bientot,2024-08-04,50.0,Lim Young Woong,57.0,8,2024-07-25,46.0,9,50.0,1,0.0,57.0,0.0,2024-08-04,0,0.0,0.0,100.0,20.0,album,False,4.27,12,2024-05-18,41.0,22,62.87,1
Seven (feat. Latto) (Band Ver.),2024-08-05,49.0,Jung Kook & Latto,77.0,4,2024-08-02,49.0,2,49.0,1,0.0,77.0,0.0,2024-08-05,0,0.0,0.0,100.0,20.0,single,False,3.16,5,2024-07-19,25.0,3,34.72,1
Cupid - Twin Ver.,2024-08-06,50.0,FIFTY FIFTY,96.0,4,2024-07-26,49.0,10,50.0,1,0.0,96.0,0.0,2024-08-06,0,0.0,0.0,100.0,20.0,single,False,2.9,3,2024-05-18,10.0,3,34.72,1
A bientot,2024-08-06,49.0,Lim Young Woong,57.0,9,2024-08-04,50.0,1,43.0,7,6.0,57.0,0.0,2024-08-07,1,14.634146341463412,0.0,99.0909090909091,27.14,album,False,4.27,12,2024-05-18,41.0,22,67.17,7
My You,2024-08-07,50.0,Jung Kook,85.0,5,2024-08-04,48.0,2,50.0,2,0.0,85.0,0.0,2024-08-07,0,0.0,0.0,100.0,20.0,single,False,2.75,1,2024-07-05,21.0,6,39.16,2
Lilith (feat. SUGA of BTS) (Diablo IV Anthem),2024-08-07,49.0,Halsey & SUGA,82.0,4,2024-08-05,45.0,1,36.0,17,13.0,82.0,0.0,2024-08-12,5,31.70731707317073,0.0,95.45454545454544,34.94,single,True,3.02,1,2024-06-07,28.0,6,47.5,17
Love Always Run Away,2024-08-09,50.0,Lim Young Woong,57.0,9,2024-06-13,47.0,56,50.0,1,0.0,57.0,0.0,2024-08-09,0,0.0,0.0,100.0,20.0,single,False,4.05,2,2024-05-18,50.0,14,51.01,1
My You,2024-08-10,50.0,Jung Kook,84.0,6,2024-08-08,50.0,1,47.0,2,3.0,84.0,0.0,2024-08-11,1,7.317073170731707,0.0,99.0909090909091,23.48,single,False,2.75,1,2024-07-05,21.0,6,41.14,2
Love Always Run Away,2024-08-11,50.0,Lim Young Woong,57.0,10,2024-08-09,50.0,1,50.0,1,0.0,57.0,0.0,2024-08-11,0,0.0,0.0,100.0,20.0,single,False,4.05,2,2024-05-18,50.0,14,51.01,1
Stay Alive (Prod. SUGA of BTS),2024-08-12,49.0,Jung Kook,80.0,2,2024-07-18,36.0,24,49.0,1,0.0,80.0,0.0,2024-08-12,0,0.0,0.0,100.0,20.0,single,False,3.52,1,2024-07-07,45.0,1,31.76,1
SOS,2024-08-12,47.0,KANGDANIEL,73.0,2,2024-08-10,30.0,1,35.0,10,12.0,73.0,0.0,2024-08-17,5,29.268292682926827,0.0,95.45454545454544,33.73,single,False,3.2,5,2024-07-07,38.0,3,42.29,10
Kitsch,2024-08-17,49.0,IVE,77.0,2,2024-08-15,50.0,1,49.0,1,0.0,77.0,0.0,2024-08-17,0,0.0,0.0,100.0,20.0,album,False,3.26,11,2024-05-18,9.0,2,33.24,1
Kitsch,2024-08-19,50.0,IVE,76.0,3,2024-08-17,49.0,1,50.0,1,0.0,76.0,0.0,2024-08-19,0,0.0,0.0,100.0,20.0,album,False,3.26,11,2024-05-18,9.0,2,33.24,1
"Our Blues, Our Life",2024-08-20,49.0,Lim Young Woong,58.0,4,2024-08-17,47.0,2,49.0,1,0.0,58.0,0.0,2024-08-20,0,0.0,0.0,100.0,20.0,album,False,3.46,12,2024-05-18,39.0,28,71.76,1
Intro: Singularity,2024-08-21,49.0,BTS,71.0,2,2024-08-18,45.0,2,46.0,3,3.0,71.0,0.0,2024-08-22,1,7.317073170731707,0.0,99.0909090909091,23.48,album,False,3.28,11,2024-08-18,45.0,2,35.22,3
SOS,2024-08-23,45.0,KANGDANIEL,72.0,3,2024-08-21,41.0,1,45.0,1,0.0,72.0,0.0,2024-08-23,0,0.0,0.0,100.0,20.0,single,False,3.2,5,2024-07-07,38.0,3,34.72,1
"Our Blues, Our Life",2024-08-24,47.0,Lim Young Woong,58.0,5,2024-08-20,49.0,3,44.0,6,3.0,58.0,0.0,2024-08-28,4,7.317073170731707,0.0,96.36363636363636,22.93,album,False,3.46,12,2024-05-18,39.0,28,72.7,6
Sugarcoat (NATTY Solo),2024-08-24,44.0,KISS OF LIFE,73.0,2,2024-08-22,50.0,1,26.0,14,18.0,74.0,1.0,2024-08-31,7,43.90243902439025,1.1494252873563218,93.63636363636364,41.02,single,False,3.0,6,2024-08-22,50.0,3,46.46,14
"Angel Pt. 2 (feat. Jimin of BTS, Charlie Puth and Muni Long)",2024-08-24,50.0,Fast & Furious: The Fast Saga & Jimin & BTS,72.0,3,2024-08-19,47.0,4,50.0,1,0.0,72.0,0.0,2024-08-24,0,0.0,0.0,100.0,20.0,single,False,2.94,2,2024-06-17,5.0,3,34.72,1
Lilith (feat. SUGA of BTS) (Diablo IV Anthem),2024-08-25,50.0,Halsey & SUGA,80.0,5,2024-08-23,46.0,1,48.0,2,2.0,80.0,0.0,2024-08-26,1,4.878048780487805,0.0,99.0909090909091,22.26,single,True,3.02,1,2024-06-07,28.0,6,40.37,2
Intro: Singularity,2024-08-27,49.0,BTS,71.0,3,2024-08-23,50.0,3,45.0,2,4.0,72.0,1.0,2024-08-28,1,9.75609756097561,1.1494252873563218,99.0909090909091,25.04,album,False,3.28,11,2024-08-18,45.0,2,36.21,2
A bientot,2024-08-28,49.0,Lim Young Woong,57.0,10,2024-08-12,44.0,15,49.0,1,0.0,57.0,0.0,2024-08-28,0,0.0,0.0,100.0,20.0,album,False,4.27,12,2024-05-18,41.0,22,62.87,1
Lilith (feat. SUGA of BTS) (Diablo IV Anthem),2024-08-30,47.0,Halsey & SUGA,79.0,6,2024-08-26,48.0,3,47.0,4,0.0,79.0,0.0,2024-08-30,0,0.0,0.0,100.0,20.0,single,True,3.02,1,2024-06-07,28.0,6,39.16,4
SOS,2024-08-31,49.0,KANGDANIEL,70.0,4,2024-08-23,45.0,7,45.0,3,4.0,70.0,0.0,2024-09-01,1,9.75609756097561,0.0,99.0909090909091,24.7,single,False,3.2,5,2024-07-07,38.0,3,37.47,3
Attention,2024-09-01,49.0,NewJeans,83.0,3,2024-08-30,48.0,1,47.0,4,2.0,83.0,0.0,2024-09-03,2,4.878048780487805,0.0,98.1818181818182,22.08,single,False,3.0,4,2024-05-18,30.0,10,45.95,4
Rainbow,2024-09-01,50.0,Lim Young Woong,58.0,5,2024-08-30,50.0,1,35.0,8,15.0,58.0,0.0,2024-09-04,3,36.58536585365854,0.0,97.27272727272728,37.75,album,False,3.27,12,2024-05-18,33.0,16,64.55,8
アイドル,2024-09-03,45.0,YOASOBI,88.0,2,2024-08-31,48.0,2,45.0,1,0.0,88.0,0.0,2024-09-03,0,0.0,0.0,100.0,20.0,single,False,3.55,1,2024-05-18,8.0,3,34.72,1
A bientot,2024-09-03,50.0,Lim Young Woong,57.0,11,2024-08-28,49.0,5,46.0,2,4.0,57.0,0.0,2024-09-04,1,9.75609756097561,0.0,99.0909090909091,24.7,album,False,4.27,12,2024-05-18,41.0,22,65.62,2
"Our Blues, Our Life",2024-09-03,44.0,Lim Young Woong,58.0,6,2024-08-29,50.0,4,41.0,4,3.0,58.0,0.0,2024-09-04,1,7.317073170731707,0.0,99.0909090909091,23.48,album,False,3.46,12,2024-05-18,39.0,28,73.74,4
Sweet Night,2024-09-04,39.0,V,80.0,2,2024-08-31,41.0,3,39.0,2,0.0,80.0,0.0,2024-09-04,0,0.0,0.0,100.0,20.0,single,False,3.57,2,2024-08-13,49.0,2,33.24,2
Memories,2024-09-05,24.0,RIIZE,71.0,2,2024-09-02,47.0,2,24.0,12,0.0,73.0,2.0,2024-09-05,0,0.0,2.2988505747126435,100.0,20.69,single,False,2.97,1,2024-08-31,50.0,4,36.64,12
Seven (feat. Latto) (Alesso Remix),2024-09-05,46.0,Jung Kook & Latto,71.0,2,2024-08-30,17.0,5,46.0,1,0.0,71.0,0.0,2024-09-05,0,0.0,0.0,100.0,20.0,single,True,2.71,4,2024-08-26,25.0,2,33.24,1
Fry’s Dream,2024-09-05,41.0,AKMU,59.0,2,2024-08-25,46.0,10,40.0,5,1.0,60.0,1.0,2024-09-06,1,2.4390243902439024,1.1494252873563218,99.0909090909091,21.38,single,False,3.41,2,2024-08-23,28.0,2,33.88,5
Seven (feat. Latto) (Alesso Remix),2024-09-07,24.0,Jung Kook & Latto,72.0,3,2024-09-05,46.0,1,24.0,2,0.0,72.0,0.0,2024-09-07,0,0.0,0.0,100.0,20.0,single,True,2.71,4,2024-08-26,25.0,2,33.24,2
Sweet Night,2024-09-07,47.0,V,80.0,3,2024-09-05,49.0,1,47.0,2,0.0,80.0,0.0,2024-09-07,0,0.0,0.0,100.0,20.0,single,False,3.57,2,2024-08-13,49.0,2,33.24,2
Better Things,2024-09-09,50.0,aespa,81.0,2,2024-09-06,50.0,2,42.0,8,8.0,81.0,0.0,2024-09-10,1,19.51219512195122,0.0,99.0909090909091,29.57,single,False,3.39,1,2024-08-19,36.0,2,39.08,8
Sugarcoat (NATTY Solo),2024-09-09,49.0,KISS OF LIFE,74.0,3,2024-09-06,47.0,2,49.0,1,0.0,74.0,0.0,2024-09-09,0,0.0,0.0,100.0,20.0,single,False,3.0,6,2024-08-22,50.0,3,34.72,1
"Steal The Show - From ""Elemental""",2024-09-09,44.0,Lauv,77.0,2,2024-09-06,48.0,2,36.0,25,8.0,77.0,0.0,2024-09-18,9,19.51219512195122,0.0,91.81818181818184,28.12,single,False,3.2,1,2024-06-19,49.0,1,34.86,25
"Our Blues, Our Life",2024-09-10,37.0,Lim Young Woong,59.0,7,2024-09-06,49.0,3,37.0,18,0.0,59.0,0.0,2024-09-10,0,0.0,0.0,100.0,20.0,album,False,3.46,12,2024-05-18,39.0,28,71.76,18
A bientot,2024-09-10,44.0,Lim Young Woong,57.0,12,2024-09-04,46.0,5,44.0,5,0.0,58.0,1.0,2024-09-10,0,0.0,1.1494252873563218,100.0,20.34,album,False,4.27,12,2024-05-18,41.0,22,63.08,5
Rainbow,2024-09-10,36.0,Lim Young Woong,59.0,6,2024-09-08,49.0,1,14.0,253,22.0,63.0,4.0,2024-12-03,84,53.65853658536586,4.597701149425287,23.636363636363637,32.94,album,False,3.27,12,2024-05-18,33.0,16,43.09,253
Fry’s Dream,2024-09-12,39.0,AKMU,61.0,3,2024-09-09,43.0,2,18.0,45,21.0,66.0,5.0,2024-09-29,17,51.21951219512195,5.747126436781609,84.54545454545455,44.24,single,False,3.41,2,2024-08-23,28.0,2,44.75,45
Click Like (Prod. Crush) (Feat. Paul Blanco),2024-09-13,48.0,Various Artists,66.0,2,2024-09-09,41.0,3,48.0,1,0.0,66.0,0.0,2024-09-13,0,0.0,0.0,100.0,20.0,single,False,2.77,4,2024-09-07,43.0,1,31.76,1
Lilith (feat. SUGA of BTS) (Diablo IV Anthem),2024-09-13,49.0,Halsey & SUGA,78.0,7,2024-09-02,48.0,10,49.0,1,0.0,78.0,0.0,2024-09-13,0,0.0,0.0,100.0,20.0,single,True,3.02,1,2024-06-07,28.0,6,39.16,1
Sugarcoat (NATTY Solo),2024-09-13,46.0,KISS OF LIFE,74.0,4,2024-09-09,49.0,3,46.0,1,0.0,74.0,0.0,2024-09-13,0,0.0,0.0,100.0,20.0,single,False,3.0,6,2024-08-22,50.0,3,34.72,1
Let's Say Goodbye,2024-09-14,46.0,Parc Jae Jung,55.0,3,2024-09-12,48.0,1,37.0,18,9.0,55.0,0.0,2024-09-22,8,21.951219512195124,0.0,92.72727272727272,29.52,album,False,4.06,10,2024-07-14,50.0,2,37.46,18
"Angel Pt. 1 (feat. Jimin of BTS, JVKE & Muni Long) - Trailer Version",2024-09-14,35.0,Fast & Furious: The Fast Saga & Jimin & BTS,70.0,2,2024-06-04,43.0,101,35.0,3,0.0,70.0,0.0,2024-09-14,0,0.0,0.0,100.0,20.0,single,False,1.05,1,2024-05-18,14.0,4,36.2,3
Interlude : Dive,2024-09-14,26.0,Jimin,77.0,4,2024-09-12,32.0,1,26.0,14,0.0,77.0,0.0,2024-09-14,0,0.0,0.0,100.0,20.0,single,False,2.18,6,2024-05-18,42.0,19,58.42,14
Spicy,2024-09-15,46.0,aespa,80.0,2,2024-09-12,50.0,2,44.0,3,2.0,80.0,0.0,2024-09-17,2,4.878048780487805,0.0,98.1818181818182,22.08,single,False,3.28,6,2024-05-18,3.0,1,32.62,3
Attention,2024-09-15,48.0,NewJeans,83.0,4,2024-09-04,49.0,10,45.0,12,3.0,83.0,0.0,2024-09-17,2,7.317073170731707,0.0,98.1818181818182,23.29,single,False,3.0,4,2024-05-18,30.0,10,46.72,12
Slow Dancing,2024-09-17,6.0,V,91.0,2,2024-09-14,5.0,2,4.0,224,2.0,96.0,5.0,2024-09-22,5,4.878048780487805,5.747126436781609,95.45454545454544,23.25,single,False,3.12,6,2024-09-10,5.0,4,37.12,224
Memories,2024-09-18,47.0,RIIZE,73.0,3,2024-09-16,41.0,1,37.0,6,10.0,73.0,0.0,2024-09-19,1,24.390243902439025,0.0,99.0909090909091,32.01,single,False,2.97,1,2024-08-31,50.0,4,43.59,6
Christmas Tree,2024-09-18,44.0,V,81.0,2,2024-09-09,32.0,8,44.0,2,0.0,81.0,0.0,2024-09-18,0,0.0,0.0,100.0,20.0,single,False,3.5,2,2024-07-02,45.0,1,31.76,2
A bientot,2024-09-19,50.0,Lim Young Woong,57.0,13,2024-09-14,48.0,4,50.0,3,0.0,57.0,0.0,2024-09-19,0,0.0,0.0,100.0,20.0,album,False,4.27,12,2024-05-18,41.0,22,62.87,3
アイドル,2024-09-22,48.0,YOASOBI,86.0,3,2024-09-03,45.0,18,42.0,10,6.0,86.0,0.0,2024-09-28,6,14.634146341463412,0.0,94.54545454545456,26.23,single,False,3.55,1,2024-05-18,8.0,3,37.31,10
Vancouver,2024-09-22,50.0,BIG Naughty,56.0,3,2024-06-13,50.0,100,50.0,1,0.0,56.0,0.0,2024-09-22,0,0.0,0.0,100.0,20.0,single,False,3.6,2,2024-06-05,41.0,2,33.24,1
A bientot,2024-09-23,49.0,Lim Young Woong,57.0,14,2024-09-21,50.0,1,43.0,5,6.0,57.0,0.0,2024-09-25,2,14.634146341463412,0.0,98.1818181818182,26.95,album,False,4.27,12,2024-05-18,41.0,22,66.82,5
Sunflower - Spider-Man: Into the Spider-Verse,2024-09-24,47.0,Post Malone,85.0,6,2024-07-22,47.0,63,47.0,1,0.0,85.0,0.0,2024-09-24,0,0.0,0.0,100.0,20.0,album,False,2.63,17,2024-06-23,49.0,5,37.68,1
Queencard,2024-09-24,50.0,(G)I-DLE,85.0,2,2024-09-11,43.0,12,50.0,1,0.0,85.0,0.0,2024-09-24,0,0.0,0.0,100.0,20.0,single,False,2.69,6,2024-05-18,5.0,2,33.24,1
Memories,2024-09-25,50.0,RIIZE,73.0,4,2024-09-23,47.0,1,44.0,4,6.0,73.0,0.0,2024-09-28,3,14.634146341463412,0.0,97.27272727272728,26.77,single,False,2.97,1,2024-08-31,50.0,4,39.81,4
I Love You,2024-09-25,48.0,Lim Young Woong,55.0,6,2024-06-14,50.0,102,48.0,2,0.0,55.0,0.0,2024-09-25,0,0.0,0.0,100.0,20.0,album,False,3.98,12,2024-05-19,50.0,12,48.05,2
But Sometimes,2024-09-27,49.0,BOYNEXTDOOR,70.0,2,2024-09-23,39.0,3,49.0,1,0.0,70.0,0.0,2024-09-27,0,0.0,0.0,100.0,20.0,single,False,2.92,6,2024-09-06,31.0,1,31.76,1
Baggy Jeans,2024-09-28,50.0,NCT,64.0,2,2024-09-21,46.0,6,50.0,1,0.0,64.0,0.0,2024-09-28,0,0.0,0.0,100.0,20.0,album,False,3.52,10,2024-08-30,23.0,1,31.76,1
Attention,2024-09-28,49.0,NewJeans,81.0,5,2024-09-26,49.0,1,48.0,2,1.0,81.0,0.0,2024-09-29,1,2.4390243902439024,0.0,99.0909090909091,21.04,single,False,3.0,4,2024-05-18,30.0,10,45.52,2
Interlude : Dive,2024-09-29,35.0,Jimin,76.0,5,2024-09-27,45.0,1,35.0,1,0.0,76.0,0.0,2024-09-29,0,0.0,0.0,100.0,20.0,single,False,2.18,6,2024-05-18,42.0,19,58.42,1
Queencard,2024-09-29,49.0,(G)I-DLE,85.0,3,2024-09-24,50.0,4,49.0,1,0.0,85.0,0.0,2024-09-29,0,0.0,0.0,100.0,20.0,single,False,2.69,6,2024-05-18,5.0,2,33.24,1
"Our Blues, Our Life",2024-09-29,47.0,Lim Young Woong,58.0,8,2024-09-27,41.0,1,44.0,7,3.0,58.0,0.0,2024-10-02,3,7.317073170731707,0.0,97.27272727272728,23.11,album,False,3.46,12,2024-05-18,39.0,28,73.05,7
A bientot,2024-09-30,50.0,Lim Young Woong,57.0,15,2024-09-27,48.0,2,45.0,6,5.0,57.0,0.0,2024-10-02,2,12.195121951219512,0.0,98.1818181818182,25.73,album,False,4.27,12,2024-05-18,41.0,22,66.05,6
My You,2024-09-30,47.0,Jung Kook,79.0,7,2024-08-11,47.0,49,47.0,2,0.0,79.0,0.0,2024-09-30,0,0.0,0.0,100.0,20.0,single,False,2.75,1,2024-07-05,21.0,6,39.16,2
Better Things,2024-10-02,50.0,aespa,80.0,3,2024-09-16,50.0,15,49.0,5,1.0,81.0,1.0,2024-10-04,2,2.4390243902439024,1.1494252873563218,98.1818181818182,21.2,single,False,3.39,1,2024-08-19,36.0,2,33.54,5
Memories,2024-10-02,47.0,RIIZE,74.0,5,2024-09-28,44.0,3,39.0,18,8.0,76.0,2.0,2024-10-06,4,19.51219512195122,2.2988505747126435,96.36363636363636,29.72,single,False,2.97,1,2024-08-31,50.0,4,41.46,18
Love Always Run Away,2024-10-02,48.0,Lim Young Woong,57.0,11,2024-08-11,50.0,51,48.0,2,0.0,57.0,0.0,2024-10-02,0,0.0,0.0,100.0,20.0,single,False,4.05,2,2024-05-18,50.0,14,51.01,2
Cruel Summer,2024-10-04,46.0,Taylor Swift,98.0,3,2024-09-29,44.0,4,43.0,5,3.0,99.0,1.0,2024-10-06,2,7.317073170731707,1.1494252873563218,98.1818181818182,23.64,album,False,2.97,18,2024-07-02,38.0,13,51.39,5
Interlude : Dive,2024-10-06,37.0,Jimin,77.0,6,2024-09-29,35.0,6,37.0,4,0.0,77.0,0.0,2024-10-06,0,0.0,0.0,100.0,20.0,single,False,2.18,6,2024-05-18,42.0,19,58.42,4
アイドル,2024-10-06,44.0,YOASOBI,30.0,4,2024-10-01,45.0,4,44.0,1,0.0,30.0,0.0,2024-10-06,0,0.0,0.0,100.0,20.0,single,False,3.55,1,2024-05-18,8.0,3,34.72,1
"Our Blues, Our Life",2024-10-07,49.0,Lim Young Woong,58.0,9,2024-10-05,45.0,1,45.0,3,4.0,58.0,0.0,2024-10-08,1,9.75609756097561,0.0,99.0909090909091,24.7,album,False,3.46,12,2024-05-18,39.0,28,74.51,3
A bientot,2024-10-09,48.0,Lim Young Woong,57.0,16,2024-10-05,47.0,3,48.0,1,0.0,57.0,0.0,2024-10-09,0,0.0,0.0,100.0,20.0,album,False,4.27,12,2024-05-18,41.0,22,62.87,1
3D (feat. Jack Harlow) (Instrumental),2024-10-09,50.0,Jung Kook & Jack Harlow,60.0,2,2024-10-05,28.0,3,38.0,5,12.0,62.0,2.0,2024-10-10,1,29.268292682926827,2.2988505747126435,99.0909090909091,35.14,album,False,3.33,3,2024-09-30,9.0,1,41.13,5
greedy,2024-10-10,50.0,Tate McRae,96.0,2,2024-10-08,48.0,1,45.0,4,5.0,96.0,0.0,2024-10-12,2,12.195121951219512,0.0,98.1818181818182,25.73,single,True,2.2,1,2024-10-04,48.0,1,34.94,4
You & Me (Coachella ver.),2024-10-10,16.0,JENNIE,74.0,2,2024-10-07,4.0,2,16.0,2,0.0,76.0,2.0,2024-10-10,0,0.0,2.2988505747126435,100.0,20.69,single,False,3.0,2,2024-10-07,4.0,1,32.19,2
Interlude : Dive,2024-10-12,39.0,Jimin,77.0,7,2024-10-09,45.0,2,39.0,1,0.0,77.0,0.0,2024-10-12,0,0.0,0.0,100.0,20.0,single,False,2.18,6,2024-05-18,42.0,19,58.42,1
A bientot,2024-10-13,45.0,Lim Young Woong,57.0,17,2024-10-09,48.0,3,18.0,171,27.0,62.0,5.0,2024-11-30,48,65.85365853658537,5.747126436781609,56.36363636363637,45.92,album,False,4.27,12,2024-05-18,41.0,22,68.4,171
"Our Blues, Our Life",2024-10-13,39.0,Lim Young Woong,58.0,10,2024-10-09,46.0,3,16.0,190,23.0,63.0,5.0,2024-11-30,48,56.09756097560976,5.747126436781609,56.36363636363637,41.05,album,False,3.46,12,2024-05-18,39.0,28,74.2,190
Interlude : Dive,2024-10-14,46.0,Jimin,77.0,8,2024-10-12,39.0,1,46.0,2,0.0,78.0,1.0,2024-10-14,0,0.0,1.1494252873563218,100.0,20.34,single,False,2.18,6,2024-05-18,42.0,19,58.64,2
Love Always Run Away,2024-10-14,49.0,Lim Young Woong,57.0,12,2024-10-03,48.0,10,49.0,2,0.0,58.0,1.0,2024-10-14,0,0.0,1.1494252873563218,100.0,20.34,single,False,4.05,2,2024-05-18,50.0,14,51.23,2
Haegeum,2024-10-16,47.0,Agust D,84.0,4,2024-10-12,50.0,3,47.0,1,0.0,84.0,0.0,2024-10-16,0,0.0,0.0,100.0,20.0,album,False,2.82,10,2024-05-18,25.0,5,37.68,1
A Psalm of Life,2024-10-16,50.0,Lim Young Woong,57.0,2,2024-06-06,50.0,131,50.0,1,0.0,57.0,0.0,2024-10-16,0,0.0,0.0,100.0,20.0,album,False,3.89,12,2024-06-06,50.0,6,39.16,1
Dreamers [Music from the FIFA World Cup Qatar 2022 Official Soundtrack],2024-10-16,38.0,Jung Kook & BTS,82.0,2,2024-10-13,48.0,2,31.0,3,7.0,82.0,0.0,2024-10-17,1,17.073170731707318,0.0,99.0909090909091,28.35,single,False,3.36,1,2024-05-18,31.0,4,41.27,3
Interlude : Dive,2024-10-17,42.0,Jimin,78.0,9,2024-10-15,46.0,1,31.0,4,11.0,78.0,0.0,2024-10-20,3,26.82926829268293,0.0,97.27272727272728,32.87,single,False,2.18,6,2024-05-18,42.0,19,65.9,4
I Love You,2024-10-17,49.0,Lim Young Woong,56.0,7,2024-09-26,48.0,20,49.0,2,0.0,56.0,0.0,2024-10-17,0,0.0,0.0,100.0,20.0,album,False,3.98,12,2024-05-19,50.0,12,48.05,2
A Psalm of Life,2024-10-19,49.0,Lim Young Woong,57.0,3,2024-10-16,50.0,2,49.0,1,0.0,57.0,0.0,2024-10-19,0,0.0,0.0,100.0,20.0,album,False,3.89,12,2024-06-06,50.0,6,39.16,1
Fact Check,2024-10-19,50.0,NCT 127,74.0,2,2024-10-13,44.0,5,46.0,2,4.0,75.0,1.0,2024-10-20,1,9.75609756097561,1.1494252873563218,99.0909090909091,25.04,album,False,3.08,9,2024-10-07,23.0,1,34.72,2
Cool With You,2024-10-19,48.0,NewJeans,85.0,2,2024-10-15,50.0,3,48.0,1,0.0,85.0,0.0,2024-10-19,0,0.0,0.0,100.0,20.0,single,False,2.46,6,2024-07-23,4.0,1,31.76,1
Haegeum,2024-10-20,49.0,Agust D,84.0,5,2024-10-16,47.0,3,49.0,2,0.0,84.0,0.0,2024-10-20,0,0.0,0.0,100.0,20.0,album,False,2.82,10,2024-05-18,25.0,5,37.68,2
Cruel Summer,2024-10-20,45.0,Taylor Swift,99.0,4,2024-10-08,50.0,11,45.0,2,0.0,99.0,0.0,2024-10-20,0,0.0,0.0,100.0,20.0,album,False,2.97,18,2024-07-02,38.0,13,49.53,2
Dreamers [Music from the FIFA World Cup Qatar 2022 Official Soundtrack],2024-10-20,42.0,Jung Kook & BTS,82.0,3,2024-10-18,31.0,1,28.0,3,14.0,82.0,0.0,2024-10-21,1,34.14634146341464,0.0,99.0909090909091,36.89,single,False,3.36,1,2024-05-18,31.0,4,46.69,3
Love Always Run Away,2024-10-21,47.0,Lim Young Woong,58.0,13,2024-10-15,49.0,5,28.0,112,19.0,61.0,3.0,2024-12-08,48,46.34146341463415,3.4482758620689653,56.36363636363637,35.48,single,False,4.05,2,2024-05-18,50.0,14,49.92,112
A Psalm of Life,2024-10-21,45.0,Lim Young Woong,57.0,4,2024-10-19,49.0,1,25.0,112,20.0,61.0,4.0,2024-12-03,43,48.78048780487805,4.597701149425287,60.909090909090914,37.95,album,False,3.89,12,2024-06-06,50.0,6,40.78,112
Interlude : Dive,2024-10-22,35.0,Jimin,79.0,10,2024-10-20,31.0,1,17.0,98,18.0,79.0,0.0,2024-11-27,36,43.90243902439025,0.0,67.27272727272727,35.41,single,False,2.18,6,2024-05-18,42.0,19,60.01,98
I Love You,2024-10-22,45.0,Lim Young Woong,57.0,8,2024-10-18,49.0,3,24.0,117,21.0,61.0,4.0,2024-12-02,41,51.21951219512195,4.597701149425287,62.72727272727272,39.53,album,False,3.98,12,2024-05-19,50.0,12,51.12,117
Hype Boy,2024-10-22,50.0,NewJeans,85.0,2,2024-10-20,48.0,1,50.0,1,0.0,85.0,0.0,2024-10-22,0,0.0,0.0,100.0,20.0,single,False,2.98,4,2024-05-18,18.0,18,56.94,1
Lovely Touch,2024-10-22,49.0,Lim Young Woong,56.0,4,2024-06-06,48.0,137,25.0,111,24.0,61.0,5.0,2024-12-08,47,58.53658536585365,5.747126436781609,57.27272727272727,42.45,album,False,3.25,12,2024-05-23,49.0,5,41.24,111
Still With You,2024-10-23,44.0,Jung Kook,84.0,2,2024-10-20,37.0,2,44.0,1,0.0,84.0,0.0,2024-10-23,0,0.0,0.0,100.0,20.0,single,False,4.0,1,2024-07-05,8.0,1,31.76,1
Haegeum,2024-10-23,45.0,Agust D,84.0,6,2024-10-21,50.0,1,45.0,3,0.0,84.0,0.0,2024-10-23,0,0.0,0.0,100.0,20.0,album,False,2.82,10,2024-05-18,25.0,5,37.68,3
Cruel Summer,2024-10-24,50.0,Taylor Swift,100.0,5,2024-10-21,46.0,2,50.0,2,0.0,100.0,0.0,2024-10-24,0,0.0,0.0,100.0,20.0,album,False,2.97,18,2024-07-02,38.0,13,49.53,2
VIBE (feat. Jimin of BTS),2024-10-26,50.0,TAEYANG,71.0,5,2024-07-20,49.0,97,50.0,1,0.0,71.0,0.0,2024-10-26,0,0.0,0.0,100.0,20.0,album,False,2.93,6,2024-05-18,36.0,7,40.64,1
Left and Right (Feat. Jung Kook of BTS),2024-10-26,30.0,Charlie Puth,83.0,2,2024-10-23,32.0,2,15.0,5,15.0,83.0,0.0,2024-10-27,1,36.58536585365854,0.0,99.0909090909091,38.11,album,False,2.57,12,2024-05-18,23.0,8,53.39,5
Dreamers [Music from the FIFA World Cup Qatar 2022 Official Soundtrack],2024-10-26,33.0,Jung Kook & BTS,82.0,4,2024-10-22,47.0,3,21.0,5,12.0,82.0,0.0,2024-10-27,1,29.268292682926827,0.0,99.0909090909091,34.45,single,False,3.36,1,2024-05-18,31.0,4,45.14,5
HERO,2024-10-27,49.0,Lim Young Woong,56.0,2,2024-10-23,50.0,3,43.0,8,6.0,57.0,1.0,2024-11-02,6,14.634146341463412,1.1494252873563218,94.54545454545456,26.57,single,False,3.61,2,2024-10-23,50.0,4,39.0,8
"Angel Pt. 1 (feat. Jimin of BTS, JVKE & Muni Long) - Trailer Version",2024-10-27,50.0,Fast & Furious: The Fast Saga & Jimin & BTS,71.0,3,2024-09-16,49.0,40,50.0,2,0.0,71.0,0.0,2024-10-27,0,0.0,0.0,100.0,20.0,single,False,1.05,1,2024-05-18,14.0,4,36.2,2
VIBE (feat. Jimin of BTS),2024-10-29,43.0,TAEYANG,71.0,6,2024-10-26,50.0,2,43.0,1,0.0,71.0,0.0,2024-10-29,0,0.0,0.0,100.0,20.0,album,False,2.93,6,2024-05-18,36.0,7,40.64,1
Father,2024-10-30,47.0,Lim Young Woong,57.0,2,2024-10-26,47.0,3,47.0,1,0.0,57.0,0.0,2024-10-30,0,0.0,0.0,100.0,20.0,album,False,3.97,12,2024-10-26,47.0,5,37.68,1
"Angel Pt. 1 (feat. Jimin of BTS, JVKE & Muni Long) - Trailer Version",2024-10-31,46.0,Fast & Furious: The Fast Saga & Jimin & BTS,71.0,4,2024-10-28,50.0,2,12.0,57,34.0,71.0,0.0,2024-12-11,41,82.92682926829268,0.0,62.72727272727272,54.01,single,False,1.05,1,2024-05-18,14.0,4,48.45,57
Father,2024-11-01,43.0,Lim Young Woong,57.0,3,2024-10-30,47.0,1,28.0,81,15.0,60.0,3.0,2024-12-02,31,36.58536585365854,3.4482758620689653,71.81818181818183,33.69,album,False,3.97,12,2024-10-26,47.0,5,39.32,81
VIBE (feat. Jimin of BTS),2024-11-02,48.0,TAEYANG,71.0,7,2024-10-29,43.0,3,48.0,1,0.0,71.0,0.0,2024-11-02,0,0.0,0.0,100.0,20.0,album,False,2.93,6,2024-05-18,36.0,7,40.64,1
New Jeans,2024-11-03,48.0,NewJeans,84.0,2,2024-10-29,49.0,4,48.0,1,0.0,84.0,0.0,2024-11-03,0,0.0,0.0,100.0,20.0,single,False,1.82,2,2024-07-09,6.0,20,59.9,1
"Angel Pt. 2 (feat. Jimin of BTS, Charlie Puth and Muni Long)",2024-11-03,44.0,Fast & Furious: The Fast Saga & Jimin & BTS,69.0,4,2024-08-24,50.0,70,44.0,2,0.0,69.0,0.0,2024-11-03,0,0.0,0.0,100.0,20.0,single,False,2.94,2,2024-06-17,5.0,3,34.72,2
Somebody,2024-11-04,12.0,Jung Kook,0.0,2,2024-10-06,47.0,28,11.0,31,1.0,87.0,87.0,2024-11-05,1,2.4390243902439024,100.0,99.0909090909091,51.04,album,False,2.81,11,,,16,73.44,31
VIBE (feat. Jimin of BTS),2024-11-04,45.0,TAEYANG,71.0,8,2024-11-02,48.0,1,44.0,8,1.0,71.0,0.0,2024-11-11,7,2.4390243902439024,0.0,93.63636363636364,19.95,album,False,2.93,6,2024-05-18,36.0,7,39.02,8
HERO,2024-11-05,48.0,Lim Young Woong,57.0,3,2024-11-03,45.0,1,26.0,97,22.0,60.0,3.0,2024-11-30,25,53.65853658536586,3.4482758620689653,77.27272727272727,43.32,single,False,3.61,2,2024-10-23,50.0,4,45.31,97
Christmas Love,2024-11-05,28.0,Jimin,69.0,3,2024-06-22,48.0,135,28.0,2,0.0,69.0,0.0,2024-11-05,0,0.0,0.0,100.0,20.0,single,False,3.3,1,2024-06-18,50.0,14,51.01,2
Talk Saxy,2024-11-07,50.0,RIIZE,67.0,2,2024-11-04,40.0,2,46.0,4,4.0,69.0,2.0,2024-11-09,2,9.75609756097561,2.2988505747126435,98.1818181818182,25.2,single,False,3.18,1,2024-10-29,39.0,6,42.01,4
Take Two,2024-11-07,49.0,BTS,85.0,2,2024-11-01,45.0,5,35.0,11,14.0,86.0,1.0,2024-11-08,1,34.14634146341464,1.1494252873563218,99.0909090909091,37.24,single,False,3.83,1,2024-06-11,5.0,1,42.46,11
Christmas Love,2024-11-08,50.0,Jimin,69.0,4,2024-11-06,28.0,1,50.0,1,0.0,69.0,0.0,2024-11-08,0,0.0,0.0,100.0,20.0,single,False,3.3,1,2024-06-18,50.0,14,51.01,1
Ditto,2024-11-08,43.0,NewJeans,85.0,2,2024-11-03,49.0,4,43.0,12,0.0,85.0,0.0,2024-11-08,0,0.0,0.0,100.0,20.0,single,False,3.09,1,2024-05-18,15.0,24,65.83,12
Love Letter,2024-11-09,49.0,Lim Young Woong,57.0,2,2024-11-02,50.0,6,32.0,42,17.0,60.0,3.0,2024-12-05,26,41.46341463414634,3.4482758620689653,76.36363636363637,37.04,album,False,3.58,12,2024-11-01,50.0,9,48.51,42
Christmas Love,2024-11-10,46.0,Jimin,69.0,5,2024-11-08,50.0,1,33.0,2,13.0,69.0,0.0,2024-11-11,1,31.70731707317073,0.0,99.0909090909091,35.67,single,False,3.3,1,2024-06-18,50.0,14,60.73,2
Love Lee,2024-11-12,50.0,AKMU,81.0,2,2024-11-10,48.0,1,50.0,1,0.0,81.0,0.0,2024-11-12,0,0.0,0.0,100.0,20.0,single,False,2.99,2,2024-08-22,49.0,1,31.76,1
Elevator,2024-11-18,49.0,Lim Young Woong,55.0,2,2024-11-16,50.0,1,48.0,3,1.0,55.0,0.0,2024-11-19,1,2.4390243902439024,0.0,99.0909090909091,21.04,single,False,3.46,2,2024-11-16,50.0,3,35.15,3
Christmas Love,2024-11-18,48.0,Jimin,69.0,6,2024-11-11,33.0,6,48.0,1,0.0,69.0,0.0,2024-11-18,0,0.0,0.0,100.0,20.0,single,False,3.3,1,2024-06-18,50.0,14,51.01,1
Loving You,2024-11-19,47.0,Lim Young Woong,56.0,2,2024-11-17,47.0,1,47.0,4,0.0,56.0,0.0,2024-11-19,0,0.0,0.0,100.0,20.0,album,False,3.54,12,2024-11-17,47.0,3,34.72,4
Love Station,2024-11-20,50.0,Lim Young Woong,56.0,2,2024-11-17,50.0,2,50.0,2,0.0,56.0,0.0,2024-11-20,0,0.0,0.0,100.0,20.0,album,False,3.19,12,2024-11-17,50.0,3,34.72,2
Dreamers [Music from the FIFA World Cup Qatar 2022 Official Soundtrack],2024-11-20,28.0,Jung Kook & BTS,80.0,5,2024-10-30,30.0,20,28.0,1,0.0,80.0,0.0,2024-11-20,0,0.0,0.0,100.0,20.0,single,False,3.36,1,2024-05-18,31.0,4,36.2,1
Ditto,2024-11-21,47.0,NewJeans,84.0,3,2024-11-19,49.0,1,47.0,1,0.0,84.0,0.0,2024-11-21,0,0.0,0.0,100.0,20.0,single,False,3.09,1,2024-05-18,15.0,24,65.83,1
You & Me,2024-11-21,48.0,JENNIE,83.0,2,2024-11-19,50.0,1,47.0,7,1.0,83.0,0.0,2024-11-22,1,2.4390243902439024,0.0,99.0909090909091,21.04,single,False,2.99,2,2024-10-08,4.0,6,39.59,7
Elevator,2024-11-22,50.0,Lim Young Woong,56.0,3,2024-11-20,49.0,1,50.0,1,0.0,56.0,0.0,2024-11-22,0,0.0,0.0,100.0,20.0,single,False,3.46,2,2024-11-16,50.0,3,34.72,1
Christmas Love,2024-11-22,49.0,Jimin,69.0,7,2024-11-18,48.0,3,49.0,1,0.0,69.0,0.0,2024-11-22,0,0.0,0.0,100.0,20.0,single,False,3.3,1,2024-06-18,50.0,14,51.01,1
Ditto,2024-11-23,50.0,NewJeans,84.0,4,2024-11-21,47.0,1,27.0,82,23.0,86.0,2.0,2024-12-11,18,56.09756097560976,2.2988505747126435,83.63636363636364,45.47,single,False,3.09,1,2024-05-18,15.0,24,77.89,82
ETA,2024-11-23,48.0,NewJeans,85.0,2,2024-11-14,49.0,8,47.0,6,1.0,85.0,0.0,2024-11-26,3,2.4390243902439024,0.0,97.27272727272728,20.67,single,False,2.52,6,2024-07-23,3.0,16,53.72,6
Love Station,2024-11-23,49.0,Lim Young Woong,56.0,3,2024-11-21,50.0,1,49.0,1,0.0,56.0,0.0,2024-11-23,0,0.0,0.0,100.0,20.0,album,False,3.19,12,2024-11-17,50.0,3,34.72,1
Christmas Love,2024-11-24,46.0,Jimin,69.0,8,2024-11-22,49.0,1,46.0,1,0.0,69.0,0.0,2024-11-24,0,0.0,0.0,100.0,20.0,single,False,3.3,1,2024-06-18,50.0,14,51.01,1
Left and Right (Feat. Jung Kook of BTS),2024-11-28,29.0,Charlie Puth,82.0,3,2024-10-30,19.0,28,19.0,4,10.0,82.0,0.0,2024-11-29,1,24.390243902439025,0.0,99.0909090909091,32.01,album,False,2.57,12,2024-05-18,23.0,8,49.52,4
Christmas Love,2024-11-28,48.0,Jimin,69.0,9,2024-11-24,46.0,3,48.0,1,0.0,69.0,0.0,2024-11-28,0,0.0,0.0,100.0,20.0,single,False,3.3,1,2024-06-18,50.0,14,51.01,1
Trust in me,2024-11-29,48.0,Lim Young Woong,58.0,2,2024-11-27,47.0,1,42.0,10,6.0,59.0,1.0,2024-12-05,6,14.634146341463412,1.1494252873563218,94.54545454545456,26.57,single,False,4.05,2,2024-11-13,50.0,1,34.56,10
ETA,2024-11-30,49.0,NewJeans,85.0,3,2024-11-28,50.0,1,31.0,25,18.0,85.0,0.0,2024-12-11,11,43.90243902439025,0.0,90.0,39.95,single,False,2.52,6,2024-07-23,3.0,16,64.13,25
OMG,2024-12-02,42.0,NewJeans,86.0,2,2024-10-28,48.0,34,38.0,23,4.0,87.0,1.0,2024-12-11,9,9.75609756097561,1.1494252873563218,91.81818181818184,23.59,single,False,3.54,2,2024-05-18,11.0,14,51.25,23
Christmas Love,2024-12-02,50.0,Jimin,69.0,10,2024-11-28,48.0,3,46.0,2,4.0,69.0,0.0,2024-12-03,1,9.75609756097561,0.0,99.0909090909091,24.7,single,False,3.3,1,2024-06-18,50.0,14,53.77,2
3D (Justin Timberlake Remix),2024-12-03,38.0,Jung Kook & Justin Timberlake,75.0,2,2024-11-27,28.0,5,36.0,3,2.0,76.0,1.0,2024-12-04,1,4.878048780487805,1.1494252873563218,99.0909090909091,22.6,single,False,2.68,1,2024-11-25,21.0,1,33.18,3
Loving You,2024-12-04,46.0,Lim Young Woong,57.0,3,2024-11-22,48.0,11,46.0,1,0.0,57.0,0.0,2024-12-04,0,0.0,0.0,100.0,20.0,album,False,3.54,12,2024-11-17,47.0,3,34.72,1
Too Sad to Dance,2024-12-04,50.0,Jung Kook,86.0,2,2024-12-02,46.0,1,50.0,1,0.0,86.0,0.0,2024-12-04,0,0.0,0.0,100.0,20.0,album,False,2.93,11,2024-11-04,11.0,9,43.61,1
Closer to You (feat. Major Lazer),2024-12-05,44.0,Jung Kook,86.0,2,2024-12-03,47.0,1,33.0,10,11.0,86.0,0.0,2024-12-06,1,26.82926829268293,0.0,99.0909090909091,33.23,album,False,2.85,11,2024-11-04,10.0,13,57.7,10
Love Station,2024-12-05,50.0,Lim Young Woong,57.0,4,2024-11-23,49.0,11,50.0,1,0.0,57.0,0.0,2024-12-05,0,0.0,0.0,100.0,20.0,album,False,3.19,12,2024-11-17,50.0,3,34.72,1
Christmas Love,2024-12-05,47.0,Jimin,69.0,11,2024-12-03,46.0,1,47.0,1,0.0,69.0,0.0,2024-12-05,0,0.0,0.0,100.0,20.0,single,False,3.3,1,2024-06-18,50.0,14,51.01,1
Get A Guitar,2024-12-06,49.0,RIIZE,54.0,2,2024-11-16,45.0,19,39.0,15,10.0,65.0,11.0,2024-12-15,9,24.390243902439025,12.643678160919542,91.81818181818184,34.35,single,False,2.67,2,2024-09-06,25.0,6,46.22,15
Loving You,2024-12-06,50.0,Lim Young Woong,57.0,4,2024-12-04,46.0,1,50.0,2,0.0,57.0,0.0,2024-12-06,0,0.0,0.0,100.0,20.0,album,False,3.54,12,2024-11-17,47.0,3,34.72,2
Somebody,2024-12-06,48.0,Jung Kook,86.0,3,2024-12-04,47.0,1,47.0,3,1.0,86.0,0.0,2024-12-08,2,2.4390243902439024,0.0,98.1818181818182,20.86,album,False,2.81,11,,,16,54.07,3
Elevator,2024-12-08,50.0,Lim Young Woong,56.0,4,2024-11-22,50.0,15,50.0,1,0.0,56.0,0.0,2024-12-08,0,0.0,0.0,100.0,20.0,single,False,3.46,2,2024-11-16,50.0,3,34.72,1
Too Sad to Dance,2024-12-09,48.0,Jung Kook,86.0,3,2024-12-04,50.0,4,45.0,4,3.0,86.0,0.0,2024-12-11,2,7.317073170731707,0.0,98.1818181818182,23.29,album,False,2.93,11,2024-11-04,11.0,9,45.24,4
Christmas Love,2024-12-09,40.0,Jimin,70.0,12,2024-12-05,47.0,3,40.0,2,0.0,70.0,0.0,2024-12-09,0,0.0,0.0,100.0,20.0,single,False,3.3,1,2024-06-18,50.0,14,51.01,2
Baddie,2024-12-09,49.0,IVE,82.0,2,2024-12-01,50.0,7,39.0,10,10.0,82.0,0.0,2024-12-11,2,24.390243902439025,0.0,98.1818181818182,31.83,single,False,2.57,6,2024-10-14,24.0,3,41.77,10
Somebody,2024-12-10,50.0,Jung Kook,86.0,4,2024-12-08,47.0,1,50.0,1,0.0,86.0,0.0,2024-12-10,0,0.0,0.0,100.0,20.0,album,False,2.81,11,,,16,53.98,1
Nest,2024-12-11,46.0,Lim Young Woong,59.0,2,2024-12-09,50.0,1,46.0,1,0.0,59.0,0.0,2024-12-11,0,0.0,0.0,100.0,20.0,album,False,2.87,12,2024-11-12,47.0,6,39.16,1
Hype Boy,2024-12-11,50.0,NewJeans,84.0,3,2024-10-22,50.0,49,50.0,1,0.0,84.0,0.0,2024-12-11,0,0.0,0.0,100.0,20.0,single,False,2.98,4,2024-05-18,18.0,18,56.94,1
Christmas Love,2024-12-12,42.0,Jimin,70.0,13,2024-12-10,41.0,1,42.0,1,0.0,70.0,0.0,2024-12-12,0,0.0,0.0,100.0,20.0,single,False,3.3,1,2024-06-18,50.0,14,51.01,1
Somebody,2024-12-12,48.0,Jung Kook,86.0,5,2024-12-10,50.0,1,37.0,3,11.0,86.0,0.0,2024-12-13,1,26.82926829268293,0.0,99.0909090909091,33.23,album,False,2.81,11,,,16,62.14,3
Shot Glass of Tears,2024-12-12,47.0,Jung Kook,86.0,2,2024-12-10,47.0,1,41.0,2,6.0,86.0,0.0,2024-12-13,1,14.634146341463412,0.0,99.0909090909091,27.14,album,False,2.79,11,2024-11-04,13.0,5,41.98,2
Nest,2024-12-13,50.0,Lim Young Woong,59.0,3,2024-12-11,46.0,1,48.0,3,2.0,59.0,0.0,2024-12-14,1,4.878048780487805,0.0,99.0909090909091,22.26,album,False,2.87,12,2024-11-12,47.0,6,40.37,3
My Starry Love,2024-12-13,48.0,Lim Young Woong,58.0,2,2024-12-08,42.0,4,48.0,1,0.0,58.0,0.0,2024-12-13,0,0.0,0.0,100.0,20.0,single,False,3.85,2,2024-11-12,48.0,3,34.72,1
Talk Saxy,2024-12-14,49.0,RIIZE,70.0,3,2024-11-10,50.0,33,48.0,2,1.0,70.0,0.0,2024-12-15,1,2.4390243902439024,0.0,99.0909090909091,21.04,single,False,3.18,1,2024-10-29,39.0,6,39.59,2
Too Sad to Dance,2024-12-14,47.0,Jung Kook,85.0,4,2024-12-12,50.0,1,47.0,1,0.0,85.0,0.0,2024-12-14,0,0.0,0.0,100.0,20.0,album,False,2.93,11,2024-11-04,11.0,9,43.61,1
Discord,2024-12-15,44.0,QWER,59.0,2,2024-12-12,49.0,2,44.0,2,0.0,59.0,0.0,2024-12-15,0,0.0,0.0,100.0,20.0,single,False,2.8,4,2024-12-10,49.0,1,31.76,2
You & Me,2024-12-15,50.0,JENNIE,81.0,3,2024-11-27,50.0,17,50.0,1,0.0,81.0,0.0,2024-12-15,0,0.0,0.0,100.0,20.0,single,False,2.99,2,2024-10-08,4.0,6,39.16,1
Shot Glass of Tears,2024-12-15,45.0,Jung Kook,85.0,3,2024-12-13,41.0,1,45.0,2,0.0,85.0,0.0,2024-12-15,0,0.0,0.0,100.0,20.0,album,False,2.79,11,2024-11-04,13.0,5,37.68,2
Too Sad to Dance,2024-12-16,47.0,Jung Kook,85.0,5,2024-12-14,47.0,1,47.0,1,0.0,85.0,0.0,2024-12-16,0,0.0,0.0,100.0,20.0,album,False,2.93,11,2024-11-04,11.0,9,43.61,1
Somebody,2024-12-16,46.0,Jung Kook,85.0,6,2024-12-14,43.0,1,46.0,1,0.0,85.0,0.0,2024-12-16,0,0.0,0.0,100.0,20.0,album,False,2.81,11,,,16,53.98,1
Closer to You (feat. Major Lazer),2024-12-16,48.0,Jung Kook,86.0,3,2024-12-14,42.0,1,48.0,1,0.0,86.0,0.0,2024-12-16,0,0.0,0.0,100.0,20.0,album,False,2.85,11,2024-11-04,10.0,13,49.53,1
All I Want for Christmas Is You,2024-12-17,24.0,Mariah Carey,99.0,2,2024-12-11,44.0,5,9.0,11,15.0,100.0,1.0,2024-12-25,8,36.58536585365854,1.1494252873563218,92.72727272727272,37.18,album,False,4.02,10,2024-12-11,44.0,1,40.83,11
Christmas Love,2024-12-17,33.0,Jimin,71.0,14,2024-12-12,42.0,4,33.0,2,0.0,71.0,0.0,2024-12-17,0,0.0,0.0,100.0,20.0,single,False,3.3,1,2024-06-18,50.0,14,51.01,2
Nest,2024-12-19,49.0,Lim Young Woong,58.0,4,2024-12-15,49.0,3,49.0,1,0.0,58.0,0.0,2024-12-19,0,0.0,0.0,100.0,20.0,album,False,2.87,12,2024-11-12,47.0,6,39.16,1
Shot Glass of Tears,2024-12-19,50.0,Jung Kook,85.0,4,2024-12-16,49.0,2,50.0,1,0.0,85.0,0.0,2024-12-19,0,0.0,0.0,100.0,20.0,album,False,2.79,11,2024-11-04,13.0,5,37.68,1
Closer to You (feat. Major Lazer),2024-12-20,49.0,Jung Kook,85.0,4,2024-12-16,48.0,3,47.0,2,2.0,85.0,0.0,2024-12-21,1,4.878048780487805,0.0,99.0909090909091,22.26,album,False,2.85,11,2024-11-04,10.0,13,50.74,2
Christmas Love,2024-12-20,30.0,Jimin,71.0,15,2024-12-18,33.0,1,24.0,9,6.0,71.0,0.0,2024-12-25,5,14.634146341463412,0.0,95.45454545454544,26.41,single,False,3.3,1,2024-06-18,50.0,14,53.94,9
Snowman,2024-12-21,34.0,Sia,94.0,2,2024-12-19,44.0,1,14.0,7,20.0,94.0,0.0,2024-12-25,4,48.78048780487805,0.0,96.36363636363636,43.66,album,False,2.76,13,2024-12-17,36.0,1,45.85,7
Somebody,2024-12-21,49.0,Jung Kook,84.0,7,2024-12-16,46.0,4,49.0,1,0.0,84.0,0.0,2024-12-21,0,0.0,0.0,100.0,20.0,album,False,2.81,11,,,16,53.98,1
Get A Guitar,2024-12-23,47.0,RIIZE,66.0,3,2024-12-20,50.0,2,47.0,2,0.0,66.0,0.0,2024-12-23,0,0.0,0.0,100.0,20.0,single,False,2.67,2,2024-09-06,25.0,6,39.16,2
Too Sad to Dance,2024-12-23,45.0,Jung Kook,83.0,6,2024-12-16,47.0,6,45.0,1,0.0,83.0,0.0,2024-12-23,0,0.0,0.0,100.0,20.0,album,False,2.93,11,2024-11-04,11.0,9,43.61,1
My Love Mine All Mine,2024-12-23,48.0,Mitski,97.0,2,2024-12-20,48.0,2,48.0,1,0.0,97.0,0.0,2024-12-23,0,0.0,0.0,100.0,20.0,album,False,2.3,11,2024-12-17,48.0,9,43.61,1
Love Letter,2024-12-23,49.0,Lim Young Woong,58.0,3,2024-12-20,43.0,2,47.0,2,2.0,58.0,0.0,2024-12-24,1,4.878048780487805,0.0,99.0909090909091,22.26,album,False,3.58,12,2024-11-01,50.0,9,44.81,2
Last Christmas - Single Version,2024-12-23,42.0,Wham!,89.0,2,2024-12-19,47.0,3,13.0,5,29.0,89.0,0.0,2024-12-25,2,70.73170731707317,0.0,98.1818181818182,55.0,album,False,4.43,16,2024-12-17,38.0,1,53.5,5
Please Don't Change (feat. DJ Snake),2024-12-23,46.0,Jung Kook,85.0,2,2024-12-21,45.0,1,46.0,1,0.0,85.0,0.0,2024-12-23,0,0.0,0.0,100.0,20.0,album,False,2.44,11,2024-11-04,9.0,10,45.09,1
Hate You,2024-12-27,47.0,Jung Kook,84.0,2,2024-12-24,49.0,2,28.0,32,19.0,85.0,1.0,2025-01-03,7,46.34146341463415,1.1494252873563218,93.63636363636364,42.24,album,False,2.57,11,2024-11-04,8.0,4,48.72,32
ETA,2024-12-27,50.0,NewJeans,83.0,4,2024-12-24,45.0,2,32.0,57,18.0,85.0,2.0,2025-01-07,11,43.90243902439025,2.2988505747126435,90.0,40.64,single,False,2.52,6,2024-07-23,3.0,16,64.57,57
You & Me,2024-12-28,46.0,JENNIE,77.0,4,2024-12-15,50.0,12,46.0,6,0.0,78.0,1.0,2024-12-28,0,0.0,1.1494252873563218,100.0,20.34,single,False,2.99,2,2024-10-08,4.0,6,39.38,6
"Angel Pt. 1 (feat. Jimin of BTS, JVKE & Muni Long) - Trailer Version",2024-12-28,41.0,Fast & Furious: The Fast Saga & Jimin & BTS,65.0,5,2024-12-26,41.0,1,41.0,7,0.0,66.0,1.0,2024-12-28,0,0.0,1.1494252873563218,100.0,20.34,single,False,1.05,1,2024-05-18,14.0,4,36.42,7
Left and Right (Feat. Jung Kook of BTS),2024-12-28,42.0,Charlie Puth,79.0,4,2024-12-01,22.0,26,39.0,23,3.0,83.0,4.0,2025-01-09,12,7.317073170731707,4.597701149425287,89.0909090909091,22.86,album,False,2.57,12,2024-05-18,23.0,8,41.21,23
My Love Mine All Mine,2024-12-28,44.0,Mitski,95.0,3,2024-12-23,48.0,4,44.0,10,0.0,98.0,3.0,2024-12-28,0,0.0,3.4482758620689653,100.0,21.03,album,False,2.3,11,2024-12-17,48.0,9,44.26,10
Get A Guitar,2024-12-28,38.0,RIIZE,64.0,4,2024-12-24,50.0,3,23.0,90,15.0,72.0,8.0,2025-02-10,44,36.58536585365854,9.195402298850574,60.0,33.05,single,False,2.67,2,2024-09-06,25.0,6,37.44,90
Cruel Summer,2024-12-28,48.0,Taylor Swift,95.0,6,2024-10-25,50.0,63,22.0,116,26.0,100.0,5.0,2025-02-21,55,63.41463414634146,5.747126436781609,50.0,43.43,album,False,2.97,18,2024-07-02,38.0,13,51.89,116
New Jeans,2024-12-28,47.0,NewJeans,79.0,3,2024-11-03,48.0,54,46.0,3,1.0,80.0,1.0,2024-12-29,1,2.4390243902439024,1.1494252873563218,99.0909090909091,21.38,single,False,1.82,2,2024-07-09,6.0,20,60.55,3
Love Letter,2024-12-28,43.0,Lim Young Woong,56.0,4,2024-12-24,47.0,3,41.0,9,2.0,58.0,2.0,2024-12-29,1,4.878048780487805,2.2988505747126435,99.0909090909091,22.95,album,False,3.58,12,2024-11-01,50.0,9,45.25,9
Please Don't Change (feat. DJ Snake),2024-12-28,50.0,Jung Kook,82.0,3,2024-12-23,46.0,4,31.0,3,19.0,83.0,1.0,2024-12-29,1,46.34146341463415,1.1494252873563218,99.0909090909091,43.33,album,False,2.44,11,2024-11-04,9.0,10,59.66,3
OMG,2024-12-28,40.0,NewJeans,83.0,3,2024-12-24,46.0,3,34.0,30,6.0,87.0,4.0,2025-01-06,9,14.634146341463412,4.597701149425287,91.81818181818184,27.06,single,False,3.54,2,2024-05-18,11.0,14,53.45,30
Closer to You (feat. Major Lazer),2024-12-29,43.0,Jung Kook,81.0,5,2024-12-21,47.0,7,43.0,1,0.0,81.0,0.0,2024-12-29,0,0.0,0.0,100.0,20.0,album,False,2.85,11,2024-11-04,10.0,13,49.53,1
Shot Glass of Tears,2024-12-29,50.0,Jung Kook,81.0,5,2024-12-19,50.0,9,50.0,1,0.0,81.0,0.0,2024-12-29,0,0.0,0.0,100.0,20.0,album,False,2.79,11,2024-11-04,13.0,5,37.68,1
Nest,2024-12-30,50.0,Lim Young Woong,55.0,5,2024-12-19,49.0,10,50.0,1,0.0,55.0,0.0,2024-12-30,0,0.0,0.0,100.0,20.0,album,False,2.87,12,2024-11-12,47.0,6,39.16,1
Hype Boy,2024-12-30,46.0,NewJeans,81.0,4,2024-12-11,50.0,18,46.0,1,0.0,81.0,0.0,2024-12-30,0,0.0,0.0,100.0,20.0,single,False,2.98,4,2024-05-18,18.0,18,56.94,1
Slow Dancing (Piano Ver.),2024-12-31,49.0,V,79.0,2,2024-11-07,48.0,53,49.0,1,0.0,79.0,0.0,2024-12-31,0,0.0,0.0,100.0,20.0,single,False,3.13,6,2024-09-10,14.0,1,31.76,1
For Us,2024-12-31,44.0,V,80.0,2,2024-11-09,48.0,51,41.0,10,3.0,82.0,2.0,2025-01-03,3,7.317073170731707,2.2988505747126435,97.27272727272728,23.8,single,False,2.85,6,2024-09-10,10.0,1,33.48,10
Blue,2024-12-31,46.0,V,80.0,2,2024-11-07,46.0,53,46.0,1,0.0,80.0,0.0,2024-12-31,0,0.0,0.0,100.0,20.0,single,False,2.5,6,2024-09-10,11.0,4,36.2,1
New Jeans,2025-01-01,50.0,NewJeans,80.0,4,2024-12-30,48.0,1,50.0,2,0.0,81.0,1.0,2025-01-01,0,0.0,1.1494252873563218,100.0,20.34,single,False,1.82,2,2024-07-09,6.0,20,60.12,2
Please Don't Change (feat. DJ Snake),2025-01-01,45.0,Jung Kook,83.0,4,2024-12-30,44.0,1,42.0,16,3.0,85.0,2.0,2025-01-04,3,7.317073170731707,2.2988505747126435,97.27272727272728,23.8,album,False,2.44,11,2024-11-04,9.0,10,46.82,16
My Starry Love,2025-01-03,50.0,Lim Young Woong,55.0,3,2024-12-13,48.0,20,50.0,1,0.0,55.0,0.0,2025-01-03,0,0.0,0.0,100.0,20.0,single,False,3.85,2,2024-11-12,48.0,3,34.72,1
Nest,2025-01-03,49.0,Lim Young Woong,56.0,6,2024-12-30,50.0,3,49.0,1,0.0,56.0,0.0,2025-01-03,0,0.0,0.0,100.0,20.0,album,False,2.87,12,2024-11-12,47.0,6,39.16,1
Blue,2025-01-03,43.0,V,81.0,3,2024-12-31,46.0,2,43.0,3,0.0,81.0,0.0,2025-01-03,0,0.0,0.0,100.0,20.0,single,False,2.5,6,2024-09-10,11.0,4,36.2,3
You & Me,2025-01-04,47.0,JENNIE,79.0,5,2025-01-02,48.0,1,47.0,1,0.0,79.0,0.0,2025-01-04,0,0.0,0.0,100.0,20.0,single,False,2.99,2,2024-10-08,4.0,6,39.16,1
New Jeans,2025-01-04,50.0,NewJeans,81.0,5,2025-01-02,50.0,1,50.0,1,0.0,81.0,0.0,2025-01-04,0,0.0,0.0,100.0,20.0,single,False,1.82,2,2024-07-09,6.0,20,59.9,1
Hype Boy,2025-01-04,48.0,NewJeans,83.0,5,2024-12-30,46.0,4,42.0,12,6.0,84.0,1.0,2025-01-06,2,14.634146341463412,1.1494252873563218,98.1818181818182,27.3,single,False,2.98,4,2024-05-18,18.0,18,61.12,12
Baddie,2025-01-05,50.0,IVE,80.0,3,2024-12-18,50.0,17,48.0,2,2.0,80.0,0.0,2025-01-06,1,4.878048780487805,0.0,99.0909090909091,22.26,single,False,2.57,6,2024-10-14,24.0,3,35.92,2
Closer to You (feat. Major Lazer),2025-01-05,46.0,Jung Kook,83.0,6,2024-12-29,43.0,6,46.0,1,0.0,83.0,0.0,2025-01-05,0,0.0,0.0,100.0,20.0,album,False,2.85,11,2024-11-04,10.0,13,49.53,1
New Jeans,2025-01-06,41.0,NewJeans,82.0,6,2025-01-04,50.0,1,41.0,1,0.0,82.0,0.0,2025-01-06,0,0.0,0.0,100.0,20.0,single,False,1.82,2,2024-07-09,6.0,20,59.9,1
You & Me,2025-01-06,47.0,JENNIE,79.0,6,2025-01-04,47.0,1,47.0,3,0.0,80.0,1.0,2025-01-06,0,0.0,1.1494252873563218,100.0,20.34,single,False,2.99,2,2024-10-08,4.0,6,39.38,3
Love Letter,2025-01-07,46.0,Lim Young Woong,58.0,5,2025-01-05,44.0,1,41.0,10,5.0,59.0,1.0,2025-01-11,4,12.195121951219512,1.1494252873563218,96.36363636363636,25.72,album,False,3.58,12,2024-11-01,50.0,9,46.33,10
Blue,2025-01-07,50.0,V,82.0,4,2025-01-05,48.0,1,49.0,3,1.0,82.0,0.0,2025-01-09,2,2.4390243902439024,0.0,98.1818181818182,20.86,single,False,2.5,6,2024-09-10,11.0,4,36.29,3
My Love Mine All Mine,2025-01-09,47.0,Mitski,98.0,4,2025-01-06,49.0,2,31.0,35,16.0,99.0,1.0,2025-02-10,32,39.02439024390244,1.1494252873563218,70.9090909090909,34.04,album,False,2.3,11,2024-12-17,48.0,9,45.24,35
New Jeans,2025-01-09,50.0,NewJeans,83.0,7,2025-01-06,41.0,2,50.0,1,0.0,83.0,0.0,2025-01-09,0,0.0,0.0,100.0,20.0,single,False,1.82,2,2024-07-09,6.0,20,59.9,1
Talk Saxy,2025-01-10,49.0,RIIZE,70.0,4,2024-12-15,48.0,25,49.0,1,0.0,70.0,0.0,2025-01-10,0,0.0,0.0,100.0,20.0,single,False,3.18,1,2024-10-29,39.0,6,39.16,1
Cupido,2025-01-10,32.0,Engel Montaz & Kuv507 & Latinnites Music,70.0,2,2025-01-08,47.0,1,32.0,1,0.0,70.0,0.0,2025-01-10,0,0.0,0.0,100.0,20.0,single,False,3.58,1,2025-01-06,25.0,1,31.76,1
Closer to You (feat. Major Lazer),2025-01-10,47.0,Jung Kook,84.0,7,2025-01-05,46.0,4,47.0,1,0.0,84.0,0.0,2025-01-10,0,0.0,0.0,100.0,20.0,album,False,2.85,11,2024-11-04,10.0,13,49.53,1
Blue,2025-01-11,48.0,V,82.0,5,2025-01-09,49.0,1,48.0,1,0.0,82.0,0.0,2025-01-11,0,0.0,0.0,100.0,20.0,single,False,2.5,6,2024-09-10,11.0,4,36.2,1
Nest,2025-01-11,50.0,Lim Young Woong,57.0,7,2025-01-03,49.0,7,50.0,1,0.0,57.0,0.0,2025-01-11,0,0.0,0.0,100.0,20.0,album,False,2.87,12,2024-11-12,47.0,6,39.16,1
My Starry Love,2025-01-11,49.0,Lim Young Woong,57.0,4,2025-01-03,50.0,7,49.0,1,0.0,57.0,0.0,2025-01-11,0,0.0,0.0,100.0,20.0,single,False,3.85,2,2024-11-12,48.0,3,34.72,1
Talk Saxy,2025-01-12,46.0,RIIZE,70.0,5,2025-01-10,49.0,1,44.0,2,2.0,70.0,0.0,2025-01-13,1,4.878048780487805,0.0,99.0909090909091,22.26,single,False,3.18,1,2024-10-29,39.0,6,40.37,2
You & Me,2025-01-12,48.0,JENNIE,80.0,7,2025-01-08,49.0,3,48.0,2,0.0,80.0,0.0,2025-01-12,0,0.0,0.0,100.0,20.0,single,False,2.99,2,2024-10-08,4.0,6,39.16,2
Closer to You (feat. Major Lazer),2025-01-12,50.0,Jung Kook,84.0,8,2025-01-10,47.0,1,50.0,1,0.0,84.0,0.0,2025-01-12,0,0.0,0.0,100.0,20.0,album,False,2.85,11,2024-11-04,10.0,13,49.53,1
New Jeans,2025-01-13,49.0,NewJeans,83.0,8,2025-01-09,50.0,3,49.0,3,0.0,83.0,0.0,2025-01-13,0,0.0,0.0,100.0,20.0,single,False,1.82,2,2024-07-09,6.0,20,59.9,3
Closer to You (feat. Major Lazer),2025-01-16,49.0,Jung Kook,83.0,9,2025-01-12,50.0,3,49.0,1,0.0,83.0,0.0,2025-01-16,0,0.0,0.0,100.0,20.0,album,False,2.85,11,2024-11-04,10.0,13,49.53,1
Lost and Found,2025-01-16,8.0,KingLee & Lil' Flip,64.0,2,2024-12-28,27.0,18,8.0,2,0.0,66.0,2.0,2025-01-16,0,0.0,2.2988505747126435,100.0,20.69,single,True,3.65,1,2024-12-28,27.0,1,32.19,2
All Or Nothing,2025-01-17,26.0,J Money & KingLee,52.0,2,2024-12-22,30.0,25,26.0,1,0.0,52.0,0.0,2025-01-17,0,0.0,0.0,100.0,20.0,single,True,2.86,1,2024-12-22,30.0,1,31.76,1
Talk Saxy,2025-01-17,50.0,RIIZE,70.0,6,2025-01-13,44.0,3,47.0,5,3.0,70.0,0.0,2025-01-18,1,7.317073170731707,0.0,99.0909090909091,23.48,single,False,3.18,1,2024-10-29,39.0,6,41.14,5
Love Letter,2025-01-18,48.0,Lim Young Woong,58.0,6,2025-01-16,44.0,1,46.0,3,2.0,58.0,0.0,2025-01-19,1,4.878048780487805,0.0,99.0909090909091,22.26,album,False,3.58,12,2024-11-01,50.0,9,44.81,3
Lovin On Me,2025-01-18,49.0,Jack Harlow,99.0,2,2025-01-15,50.0,2,39.0,5,10.0,99.0,0.0,2025-01-21,3,24.390243902439025,0.0,97.27272727272728,31.65,single,True,2.31,1,2025-01-14,50.0,2,39.94,5
Left and Right (Feat. Jung Kook of BTS),2025-01-21,44.0,Charlie Puth,83.0,5,2025-01-19,48.0,1,44.0,4,0.0,83.0,0.0,2025-01-21,0,0.0,0.0,100.0,20.0,album,False,2.57,12,2024-05-18,23.0,8,42.13,4
Please Don't Change (feat. DJ Snake),2025-01-21,36.0,Jung Kook,84.0,5,2025-01-16,45.0,4,36.0,1,0.0,84.0,0.0,2025-01-21,0,0.0,0.0,100.0,20.0,album,False,2.44,11,2024-11-04,9.0,10,45.09,1
Love Letter,2025-01-22,50.0,Lim Young Woong,58.0,7,2025-01-20,50.0,1,50.0,1,0.0,58.0,0.0,2025-01-22,0,0.0,0.0,100.0,20.0,album,False,3.58,12,2024-11-01,50.0,9,43.61,1
Father,2025-01-22,42.0,Lim Young Woong,59.0,4,2025-01-20,42.0,1,39.0,19,3.0,59.0,0.0,2025-01-27,5,7.317073170731707,0.0,95.45454545454544,22.75,album,False,3.97,12,2024-10-26,47.0,5,38.29,19
Baddie,2025-01-22,49.0,IVE,81.0,4,2025-01-06,48.0,15,49.0,1,0.0,81.0,0.0,2025-01-22,0,0.0,0.0,100.0,20.0,single,False,2.57,6,2024-10-14,24.0,3,34.72,1
Please Don't Change (feat. DJ Snake),2025-01-23,49.0,Jung Kook,84.0,6,2025-01-21,36.0,1,48.0,2,1.0,84.0,0.0,2025-01-24,1,2.4390243902439024,0.0,99.0909090909091,21.04,album,False,2.44,11,2024-11-04,9.0,10,45.52,2
With you,2025-01-23,28.0,Jimin & HA SUNG WOON,74.0,5,2024-07-06,50.0,200,28.0,1,0.0,74.0,0.0,2025-01-23,0,0.0,0.0,100.0,20.0,single,False,3.37,2,2024-05-20,50.0,4,36.2,1
Lovin On Me,2025-01-24,47.0,Jack Harlow,99.0,3,2025-01-22,46.0,1,45.0,8,2.0,99.0,0.0,2025-01-25,1,4.878048780487805,0.0,99.0909090909091,22.26,single,True,2.31,1,2025-01-14,50.0,2,34.44,8
GODS,2025-01-25,48.0,League of Legends & NewJeans,85.0,2,2025-01-22,45.0,2,48.0,1,0.0,85.0,0.0,2025-01-25,0,0.0,0.0,100.0,20.0,single,False,3.68,1,2024-10-06,4.0,2,33.24,1
Somebody,2025-01-25,50.0,Jung Kook,82.0,8,2024-12-21,49.0,34,50.0,1,0.0,82.0,0.0,2025-01-25,0,0.0,0.0,100.0,20.0,album,False,2.81,11,,,16,53.98,1
Please Don't Change (feat. DJ Snake),2025-01-26,49.0,Jung Kook,84.0,7,2025-01-24,48.0,1,49.0,1,0.0,84.0,0.0,2025-01-26,0,0.0,0.0,100.0,20.0,album,False,2.44,11,2024-11-04,9.0,10,45.09,1
Love Letter,2025-01-27,48.0,Lim Young Woong,58.0,8,2025-01-22,50.0,4,48.0,4,0.0,58.0,0.0,2025-01-27,0,0.0,0.0,100.0,20.0,album,False,3.58,12,2024-11-01,50.0,9,43.61,4
Talk Saxy,2025-01-27,49.0,RIIZE,70.0,7,2025-01-21,50.0,5,49.0,1,0.0,70.0,0.0,2025-01-27,0,0.0,0.0,100.0,20.0,single,False,3.18,1,2024-10-29,39.0,6,39.16,1
Left and Right (Feat. Jung Kook of BTS),2025-01-28,50.0,Charlie Puth,83.0,6,2025-01-24,50.0,3,50.0,2,0.0,83.0,0.0,2025-01-28,0,0.0,0.0,100.0,20.0,album,False,2.57,12,2024-05-18,23.0,8,42.13,2
Somebody,2025-01-28,46.0,Jung Kook,82.0,9,2025-01-25,50.0,2,46.0,4,0.0,82.0,0.0,2025-01-28,0,0.0,0.0,100.0,20.0,album,False,2.81,11,,,16,53.98,4
OMG,2025-01-28,49.0,NewJeans,87.0,4,2025-01-26,50.0,1,49.0,2,0.0,87.0,0.0,2025-01-28,0,0.0,0.0,100.0,20.0,single,False,3.54,2,2024-05-18,11.0,14,51.01,2
Hate You,2025-01-30,45.0,Jung Kook,83.0,3,2025-01-27,46.0,2,45.0,1,0.0,83.0,0.0,2025-01-30,0,0.0,0.0,100.0,20.0,album,False,2.57,11,2024-11-04,8.0,4,36.2,1
Interlude : Dive,2025-01-30,44.0,Jimin,77.0,11,2025-01-27,34.0,2,36.0,2,8.0,77.0,0.0,2025-01-31,1,19.51219512195122,0.0,99.0909090909091,29.57,single,False,2.18,6,2024-05-18,42.0,19,64.26,2
GODS,2025-01-31,49.0,League of Legends & NewJeans,85.0,3,2025-01-25,48.0,5,49.0,1,0.0,85.0,0.0,2025-01-31,0,0.0,0.0,100.0,20.0,single,False,3.68,1,2024-10-06,4.0,2,33.24,1
Love Letter,2025-02-01,49.0,Lim Young Woong,57.0,9,2025-01-30,49.0,1,49.0,1,0.0,57.0,0.0,2025-02-01,0,0.0,0.0,100.0,20.0,album,False,3.58,12,2024-11-01,50.0,9,43.61,1
OMG,2025-02-01,50.0,NewJeans,87.0,5,2025-01-29,49.0,2,50.0,1,0.0,87.0,0.0,2025-02-01,0,0.0,0.0,100.0,20.0,single,False,3.54,2,2024-05-18,11.0,14,51.01,1
Hate You,2025-02-02,44.0,Jung Kook,83.0,4,2025-01-30,45.0,2,29.0,36,15.0,83.0,0.0,2025-02-14,12,36.58536585365854,0.0,89.0909090909091,36.11,album,False,2.57,11,2024-11-04,8.0,4,43.69,36
Somebody,2025-02-02,48.0,Jung Kook,82.0,10,2025-01-31,48.0,1,48.0,1,0.0,82.0,0.0,2025-02-02,0,0.0,0.0,100.0,20.0,album,False,2.81,11,,,16,53.98,1
Interlude : Dive,2025-02-02,47.0,Jimin,77.0,12,2025-01-31,36.0,1,47.0,1,0.0,77.0,0.0,2025-02-02,0,0.0,0.0,100.0,20.0,single,False,2.18,6,2024-05-18,42.0,19,58.42,1
MANIAC,2025-02-03,48.0,VIVIZ,81.0,2,2025-02-01,46.0,1,48.0,2,0.0,81.0,0.0,2025-02-03,0,0.0,0.0,100.0,20.0,single,False,3.26,5,2025-01-31,50.0,4,36.2,2
Beautiful Things,2025-02-03,50.0,Benson Boone,92.0,2,2025-02-01,48.0,1,50.0,1,0.0,92.0,0.0,2025-02-03,0,0.0,0.0,100.0,20.0,single,False,3.01,1,2025-02-01,48.0,2,33.24,1
Please Don't Change (feat. DJ Snake),2025-02-03,46.0,Jung Kook,84.0,8,2025-01-26,49.0,7,46.0,1,0.0,84.0,0.0,2025-02-03,0,0.0,0.0,100.0,20.0,album,False,2.44,11,2024-11-04,9.0,10,45.09,1
Interlude : Dive,2025-02-04,48.0,Jimin,77.0,13,2025-02-02,47.0,1,39.0,3,9.0,77.0,0.0,2025-02-05,1,21.951219512195124,0.0,99.0909090909091,30.79,single,False,2.18,6,2024-05-18,42.0,19,65.04,3
OMG,2025-02-04,50.0,NewJeans,87.0,6,2025-02-01,50.0,2,50.0,1,0.0,87.0,0.0,2025-02-04,0,0.0,0.0,100.0,20.0,single,False,3.54,2,2024-05-18,11.0,14,51.01,1
Please Don't Change (feat. DJ Snake),2025-02-05,50.0,Jung Kook,84.0,9,2025-02-03,46.0,1,48.0,3,2.0,84.0,0.0,2025-02-07,2,4.878048780487805,0.0,98.1818181818182,22.08,album,False,2.44,11,2024-11-04,9.0,10,45.95,3
Beautiful Things,2025-02-05,46.0,Benson Boone,93.0,3,2025-02-03,50.0,1,20.0,83,26.0,100.0,7.0,2025-03-06,29,63.41463414634146,8.045977011494253,73.63636363636363,48.85,single,False,3.01,1,2025-02-01,48.0,2,44.94,83
Love Letter,2025-02-07,50.0,Lim Young Woong,57.0,10,2025-02-01,49.0,5,50.0,1,0.0,57.0,0.0,2025-02-07,0,0.0,0.0,100.0,20.0,album,False,3.58,12,2024-11-01,50.0,9,43.61,1
Interlude : Dive,2025-02-08,49.0,Jimin,77.0,14,2025-02-06,39.0,1,40.0,4,9.0,77.0,0.0,2025-02-09,1,21.951219512195124,0.0,99.0909090909091,30.79,single,False,2.18,6,2024-05-18,42.0,19,65.04,4
Somebody,2025-02-08,47.0,Jung Kook,82.0,11,2025-02-02,48.0,5,47.0,1,0.0,82.0,0.0,2025-02-08,0,0.0,0.0,100.0,20.0,album,False,2.81,11,,,16,53.98,1
MANIAC,2025-02-09,48.0,VIVIZ,81.0,3,2025-02-04,49.0,4,40.0,4,8.0,82.0,1.0,2025-02-11,2,19.51219512195122,1.1494252873563218,98.1818181818182,29.74,single,False,3.26,5,2025-01-31,50.0,4,41.92,4
Hype Boy,2025-02-10,49.0,NewJeans,84.0,6,2025-01-15,46.0,25,47.0,2,2.0,84.0,0.0,2025-03-26,44,4.878048780487805,0.0,60.0,14.44,single,False,2.98,4,2024-05-18,18.0,18,43.41,2
Somebody,2025-02-10,48.0,Jung Kook,82.0,12,2025-02-08,47.0,1,48.0,1,0.0,82.0,0.0,2025-02-10,0,0.0,0.0,100.0,20.0,album,False,2.81,11,,,16,53.98,1
Left and Right (Feat. Jung Kook of BTS),2025-02-10,46.0,Charlie Puth,83.0,7,2025-01-29,50.0,11,46.0,1,0.0,83.0,0.0,2025-02-10,0,0.0,0.0,100.0,20.0,album,False,2.57,12,2024-05-18,23.0,8,42.13,1
New Jeans,2025-02-10,45.0,NewJeans,83.0,9,2025-01-15,49.0,25,45.0,1,0.0,83.0,0.0,2025-02-10,0,0.0,0.0,100.0,20.0,single,False,1.82,2,2024-07-09,6.0,20,59.9,1
OMG,2025-02-10,43.0,NewJeans,87.0,7,2025-02-04,50.0,5,41.0,3,2.0,87.0,0.0,2025-02-12,2,4.878048780487805,0.0,98.1818181818182,22.08,single,False,3.54,2,2024-05-18,11.0,14,51.88,3
A Psalm of Life,2025-02-11,49.0,Lim Young Woong,58.0,5,2025-02-09,45.0,1,49.0,2,0.0,58.0,0.0,2025-02-11,0,0.0,0.0,100.0,20.0,album,False,3.89,12,2024-06-06,50.0,6,39.16,2
Lovely Touch,2025-02-11,50.0,Lim Young Woong,58.0,5,2025-02-09,44.0,1,50.0,1,0.0,58.0,0.0,2025-02-11,0,0.0,0.0,100.0,20.0,album,False,3.25,12,2024-05-23,49.0,5,37.68,1
HERO,2025-02-11,46.0,Lim Young Woong,58.0,4,2025-02-09,41.0,1,46.0,2,0.0,58.0,0.0,2025-02-11,0,0.0,0.0,100.0,20.0,single,False,3.61,2,2024-10-23,50.0,4,36.2,2
New Jeans,2025-02-12,43.0,NewJeans,83.0,10,2025-02-10,45.0,1,43.0,1,0.0,83.0,0.0,2025-02-12,0,0.0,0.0,100.0,20.0,single,False,1.82,2,2024-07-09,6.0,20,59.9,1
Love Always Run Away,2025-02-12,46.0,Lim Young Woong,59.0,14,2025-02-09,50.0,2,46.0,1,0.0,59.0,0.0,2025-02-12,0,0.0,0.0,100.0,20.0,single,False,4.05,2,2024-05-18,50.0,14,51.01,1
Please Don't Change (feat. DJ Snake),2025-02-13,45.0,Jung Kook,83.0,10,2025-02-07,48.0,5,30.0,16,15.0,83.0,0.0,2025-02-14,1,36.58536585365854,0.0,99.0909090909091,38.11,album,False,2.44,11,2024-11-04,9.0,10,56.35,16
Somebody,2025-02-13,49.0,Jung Kook,81.0,13,2025-02-10,48.0,2,41.0,2,8.0,81.0,0.0,2025-02-14,1,19.51219512195122,0.0,99.0909090909091,29.57,album,False,2.81,11,,,16,59.82,2
Bling-Bang-Bang-Born,2025-02-14,50.0,Creepy Nuts,92.0,2,2025-02-12,38.0,1,40.0,7,10.0,92.0,0.0,2025-02-15,1,24.390243902439025,0.0,99.0909090909091,32.01,single,False,2.8,2,2025-01-24,49.0,2,40.63,7
MANIAC,2025-02-14,49.0,VIVIZ,82.0,4,2025-02-12,47.0,1,47.0,4,2.0,82.0,0.0,2025-02-15,1,4.878048780487805,0.0,99.0909090909091,22.26,single,False,3.26,5,2025-01-31,50.0,4,37.41,4
My Love Mine All Mine,2025-02-14,42.0,Mitski,99.0,5,2025-02-12,39.0,1,41.0,12,1.0,99.0,0.0,2025-02-19,5,2.4390243902439024,0.0,95.45454545454544,20.31,album,False,2.3,11,2024-12-17,48.0,9,42.67,12
New Jeans,2025-02-14,48.0,NewJeans,83.0,11,2025-02-12,43.0,1,46.0,5,2.0,83.0,0.0,2025-02-15,1,4.878048780487805,0.0,99.0909090909091,22.26,single,False,1.82,2,2024-07-09,6.0,20,61.11,5
OMG,2025-02-14,47.0,NewJeans,87.0,8,2025-02-12,41.0,1,45.0,5,2.0,87.0,0.0,2025-02-18,4,4.878048780487805,0.0,96.36363636363636,21.71,single,False,3.54,2,2024-05-18,11.0,14,51.19,5
Interlude : Dive,2025-02-14,24.0,Jimin,76.0,15,2025-02-11,42.0,2,22.0,8,2.0,77.0,1.0,2025-02-15,1,4.878048780487805,1.1494252873563218,99.0909090909091,22.6,single,False,2.18,6,2024-05-18,42.0,19,59.84,8
Super Lady,2025-02-15,48.0,(G)I-DLE,81.0,2,2025-02-12,45.0,2,48.0,2,0.0,82.0,1.0,2025-02-15,0,0.0,1.1494252873563218,100.0,20.34,album,False,2.54,8,2025-02-01,32.0,1,31.97,2
"yes, and?",2025-02-15,45.0,Ariana Grande,97.0,2,2025-02-12,48.0,2,45.0,4,0.0,97.0,0.0,2025-02-15,0,0.0,0.0,100.0,20.0,single,True,3.58,1,2025-01-14,15.0,2,33.24,4
Ditto,2025-02-16,50.0,NewJeans,85.0,5,2025-02-12,42.0,3,50.0,2,0.0,85.0,0.0,2025-02-16,0,0.0,0.0,100.0,20.0,single,False,3.09,1,2024-05-18,15.0,24,65.83,2
Somebody,2025-02-17,45.0,Jung Kook,81.0,14,2025-02-14,41.0,2,45.0,1,0.0,81.0,0.0,2025-02-17,0,0.0,0.0,100.0,20.0,album,False,2.81,11,,,16,53.98,1
I Love You,2025-02-18,47.0,Lim Young Woong,58.0,9,2025-02-15,50.0,2,42.0,3,5.0,58.0,0.0,2025-02-19,1,12.195121951219512,0.0,99.0909090909091,25.92,album,False,3.98,12,2024-05-19,50.0,12,51.58,3
HERO,2025-02-18,50.0,Lim Young Woong,58.0,5,2025-02-12,49.0,5,47.0,3,3.0,58.0,0.0,2025-02-19,1,7.317073170731707,0.0,99.0909090909091,23.48,single,False,3.61,2,2024-10-23,50.0,4,38.18,3
Love Always Run Away,2025-02-19,43.0,Lim Young Woong,59.0,15,2025-02-12,46.0,6,43.0,2,0.0,59.0,0.0,2025-02-19,0,0.0,0.0,100.0,20.0,single,False,4.05,2,2024-05-18,50.0,14,51.01,2
A Psalm of Life,2025-02-19,45.0,Lim Young Woong,58.0,6,2025-02-12,50.0,6,45.0,2,0.0,58.0,0.0,2025-02-19,0,0.0,0.0,100.0,20.0,album,False,3.89,12,2024-06-06,50.0,6,39.16,2
Lovely Touch,2025-02-19,44.0,Lim Young Woong,58.0,6,2025-02-11,50.0,7,44.0,2,0.0,58.0,0.0,2025-02-19,0,0.0,0.0,100.0,20.0,album,False,3.25,12,2024-05-23,49.0,5,37.68,2
Father,2025-02-19,46.0,Lim Young Woong,58.0,5,2025-02-09,46.0,9,46.0,2,0.0,58.0,0.0,2025-02-19,0,0.0,0.0,100.0,20.0,album,False,3.97,12,2024-10-26,47.0,5,37.68,2
ETA,2025-02-23,49.0,NewJeans,84.0,5,2025-02-21,48.0,1,38.0,40,11.0,84.0,0.0,2025-03-30,35,26.82926829268293,0.0,68.18181818181819,27.05,single,False,2.52,6,2024-07-23,3.0,16,50.49,40
I Love You,2025-02-23,50.0,Lim Young Woong,58.0,10,2025-02-20,42.0,2,50.0,1,0.0,58.0,0.0,2025-02-23,0,0.0,0.0,100.0,20.0,album,False,3.98,12,2024-05-19,50.0,12,48.05,1
Interlude : Dive,2025-02-24,39.0,Jimin,76.0,16,2025-02-21,44.0,2,31.0,7,8.0,76.0,0.0,2025-02-26,2,19.51219512195122,0.0,98.1818181818182,29.39,single,False,2.18,6,2024-05-18,42.0,19,63.92,7
Closer to You (feat. Major Lazer),2025-02-25,49.0,Jung Kook,82.0,10,2025-01-16,49.0,39,41.0,4,8.0,82.0,0.0,2025-02-26,1,19.51219512195122,0.0,99.0909090909091,29.57,album,False,2.85,11,2024-11-04,10.0,13,55.38,4
Somebody,2025-02-26,45.0,Jung Kook,81.0,15,2025-02-17,45.0,8,38.0,8,7.0,81.0,0.0,2025-03-03,5,17.073170731707318,0.0,95.45454545454544,27.63,album,False,2.81,11,,,16,57.68,8
A Psalm of Life,2025-02-26,46.0,Lim Young Woong,58.0,7,2025-02-20,45.0,5,46.0,2,0.0,58.0,0.0,2025-02-26,0,0.0,0.0,100.0,20.0,album,False,3.89,12,2024-06-06,50.0,6,39.16,2
I Love You,2025-02-26,48.0,Lim Young Woong,58.0,11,2025-02-23,50.0,2,48.0,3,0.0,58.0,0.0,2025-02-26,0,0.0,0.0,100.0,20.0,album,False,3.98,12,2024-05-19,50.0,12,48.05,3
Father,2025-02-26,50.0,Lim Young Woong,58.0,6,2025-02-20,46.0,5,50.0,2,0.0,58.0,0.0,2025-02-26,0,0.0,0.0,100.0,20.0,album,False,3.97,12,2024-10-26,47.0,5,37.68,2
New Jeans,2025-02-28,48.0,NewJeans,83.0,12,2025-02-18,48.0,9,40.0,7,8.0,83.0,0.0,2025-03-01,1,19.51219512195122,0.0,99.0909090909091,29.57,single,False,1.82,2,2024-07-09,6.0,20,65.75,7
MANIAC,2025-02-28,50.0,VIVIZ,83.0,5,2025-02-17,49.0,10,50.0,1,0.0,83.0,0.0,2025-02-28,0,0.0,0.0,100.0,20.0,single,False,3.26,5,2025-01-31,50.0,4,36.2,1
Shot Glass of Tears,2025-03-01,49.0,Jung Kook,80.0,6,2024-12-29,50.0,61,49.0,1,0.0,80.0,0.0,2025-03-01,0,0.0,0.0,100.0,20.0,album,False,2.79,11,2024-11-04,13.0,5,37.68,1
Too Sad to Dance,2025-03-01,45.0,Jung Kook,80.0,7,2024-12-23,45.0,67,45.0,1,0.0,80.0,0.0,2025-03-01,0,0.0,0.0,100.0,20.0,album,False,2.93,11,2024-11-04,11.0,9,43.61,1
Rainy Days,2025-03-02,50.0,V,81.0,2,2025-02-20,33.0,9,46.0,8,4.0,81.0,0.0,2025-03-06,4,9.75609756097561,0.0,96.36363636363636,24.15,single,False,2.99,2,2024-08-13,11.0,3,36.44,8
wherever u r (ft. V of BTS),2025-03-02,45.0,UMI & V,86.0,2,2025-02-28,44.0,1,45.0,6,0.0,86.0,0.0,2025-03-02,0,0.0,0.0,100.0,20.0,single,False,2.55,1,2024-12-31,14.0,3,34.72,6
Please Don't Change (feat. DJ Snake),2025-03-02,48.0,Jung Kook,83.0,11,2025-02-28,40.0,1,35.0,9,13.0,83.0,0.0,2025-03-04,2,31.70731707317073,0.0,98.1818181818182,35.49,album,False,2.44,11,2024-11-04,9.0,10,54.46,9
Closer to You (feat. Major Lazer),2025-03-02,47.0,Jung Kook,81.0,11,2025-02-28,45.0,1,37.0,4,10.0,81.0,0.0,2025-03-04,2,24.390243902439025,0.0,98.1818181818182,31.83,album,False,2.85,11,2024-11-04,10.0,13,56.58,4
My Love Mine All Mine,2025-03-02,46.0,Mitski,98.0,6,2025-02-25,50.0,4,42.0,13,4.0,98.0,0.0,2025-03-06,4,9.75609756097561,0.0,96.36363636363636,24.15,album,False,2.3,11,2024-12-17,48.0,9,45.33,13
Standing Next to You,2025-03-03,8.0,Jung Kook,95.0,2,2025-03-01,8.0,1,5.0,266,3.0,95.0,0.0,2025-03-15,12,7.317073170731707,0.0,89.0909090909091,21.48,album,False,3.43,11,2024-11-04,5.0,1,29.97,266
I Like Me Better,2025-03-03,36.0,Lauv,84.0,2,2025-03-01,38.0,1,36.0,1,0.0,84.0,0.0,2025-03-03,0,0.0,0.0,100.0,20.0,album,False,3.29,17,2025-03-01,38.0,1,31.76,1
I Love You,2025-03-04,50.0,Lim Young Woong,57.0,12,2025-02-28,49.0,3,50.0,2,0.0,57.0,0.0,2025-03-04,0,0.0,0.0,100.0,20.0,album,False,3.98,12,2024-05-19,50.0,12,48.05,2
STUPID IN LOVE (feat. HUH YUNJIN of LE SSERAFIM),2025-03-06,49.0,MAX,72.0,2,2025-02-18,46.0,15,45.0,2,4.0,73.0,1.0,2025-03-07,1,9.75609756097561,1.1494252873563218,99.0909090909091,25.04,album,False,2.89,12,2025-02-18,46.0,2,36.21,2
CARNIVAL,2025-03-06,50.0,¥$ & Kanye West & Ty Dolla $ign,96.0,2,2025-02-21,43.0,12,50.0,1,0.0,96.0,0.0,2025-03-06,0,0.0,0.0,100.0,20.0,album,True,4.41,1,2025-02-16,33.0,2,33.24,1
Interlude : Dive,2025-03-06,43.0,Jimin,75.0,17,2025-03-02,34.0,3,15.0,83,28.0,86.0,11.0,2025-04-21,46,68.29268292682927,12.643678160919542,58.18181818181818,49.58,single,False,2.18,6,2024-05-18,42.0,19,66.73,83
Closer to You (feat. Major Lazer),2025-03-07,48.0,Jung Kook,80.0,12,2025-03-05,37.0,1,48.0,1,0.0,80.0,0.0,2025-03-07,0,0.0,0.0,100.0,20.0,album,False,2.85,11,2024-11-04,10.0,13,49.53,1
Somebody,2025-03-07,41.0,Jung Kook,80.0,16,2025-03-05,42.0,1,41.0,2,0.0,80.0,0.0,2025-03-07,0,0.0,0.0,100.0,20.0,album,False,2.81,11,,,16,53.98,2
New Jeans,2025-03-08,45.0,NewJeans,82.0,13,2025-03-06,47.0,1,45.0,3,0.0,82.0,0.0,2025-03-08,0,0.0,0.0,100.0,20.0,single,False,1.82,2,2024-07-09,6.0,20,59.9,3
Saturn,2025-03-08,49.0,SZA,90.0,2,2025-03-01,47.0,6,43.0,8,6.0,91.0,1.0,2025-03-10,2,14.634146341463412,1.1494252873563218,98.1818181818182,27.3,single,False,3.1,5,2025-03-01,47.0,1,35.93,8
CARNIVAL,2025-03-08,48.0,¥$ & Kanye West & Ty Dolla $ign,96.0,3,2025-03-06,50.0,1,42.0,7,6.0,97.0,1.0,2025-03-15,7,14.634146341463412,1.1494252873563218,93.63636363636364,26.39,album,True,4.41,1,2025-02-16,33.0,2,35.7,7
I Love You,2025-03-09,46.0,Lim Young Woong,57.0,13,2025-03-05,50.0,3,46.0,1,0.0,57.0,0.0,2025-03-09,0,0.0,0.0,100.0,20.0,album,False,3.98,12,2024-05-19,50.0,12,48.05,1
wherever u r (ft. V of BTS),2025-03-09,49.0,UMI & V,84.0,3,2025-03-07,49.0,1,46.0,2,3.0,84.0,0.0,2025-03-10,1,7.317073170731707,0.0,99.0909090909091,23.48,single,False,2.55,1,2024-12-31,14.0,3,36.7,2
Somebody,2025-03-10,50.0,Jung Kook,79.0,17,2025-03-08,42.0,1,50.0,1,0.0,79.0,0.0,2025-03-10,0,0.0,0.0,100.0,20.0,album,False,2.81,11,,,16,53.98,1
"yes, and?",2025-03-10,30.0,Ariana Grande,73.0,3,2025-02-18,49.0,19,25.0,9,5.0,85.0,12.0,2025-03-13,3,12.195121951219512,13.79310344827586,97.27272727272728,29.69,single,True,3.58,1,2025-01-14,15.0,2,38.7,9
Rainy Days,2025-03-11,44.0,V,80.0,3,2025-03-09,50.0,1,39.0,5,5.0,80.0,0.0,2025-03-16,5,12.195121951219512,0.0,95.45454545454544,25.19,single,False,2.99,2,2024-08-13,11.0,3,36.87,5
Hate You,2025-03-11,47.0,Jung Kook,81.0,5,2025-03-09,43.0,1,39.0,18,8.0,81.0,0.0,2025-03-15,4,19.51219512195122,0.0,96.36363636363636,29.03,album,False,2.57,11,2024-11-04,8.0,4,41.02,18
Ditto,2025-03-11,49.0,NewJeans,83.0,6,2025-02-17,50.0,21,49.0,2,0.0,83.0,0.0,2025-03-11,0,0.0,0.0,100.0,20.0,single,False,3.09,1,2024-05-18,15.0,24,65.83,2
Bling-Bang-Bang-Born,2025-03-13,48.0,Creepy Nuts,91.0,3,2025-02-20,50.0,20,40.0,16,8.0,91.0,0.0,2025-03-18,5,19.51219512195122,0.0,95.45454545454544,28.85,single,False,2.8,2,2025-01-24,49.0,2,37.71,16
Closer to You (feat. Major Lazer),2025-03-16,50.0,Jung Kook,79.0,13,2025-03-07,48.0,8,50.0,2,0.0,79.0,0.0,2025-03-16,0,0.0,0.0,100.0,20.0,album,False,2.85,11,2024-11-04,10.0,13,49.53,2
New Jeans,2025-03-16,49.0,NewJeans,81.0,14,2025-03-10,47.0,5,49.0,1,0.0,81.0,0.0,2025-03-16,0,0.0,0.0,100.0,20.0,single,False,1.82,2,2024-07-09,6.0,20,59.9,1
wherever u r (ft. V of BTS),2025-03-16,41.0,UMI & V,82.0,4,2025-03-10,46.0,5,41.0,1,0.0,82.0,0.0,2025-03-16,0,0.0,0.0,100.0,20.0,single,False,2.55,1,2024-12-31,14.0,3,34.72,1
Too Sad to Dance,2025-03-17,40.0,Jung Kook,78.0,8,2025-03-01,45.0,15,40.0,1,0.0,78.0,0.0,2025-03-17,0,0.0,0.0,100.0,20.0,album,False,2.93,11,2024-11-04,11.0,9,43.61,1
Ditto,2025-03-18,50.0,NewJeans,82.0,7,2025-03-12,49.0,5,49.0,2,1.0,82.0,0.0,2025-03-26,8,2.4390243902439024,0.0,92.72727272727272,19.76,single,False,3.09,1,2024-05-18,15.0,24,63.86,2
New Jeans,2025-03-18,47.0,NewJeans,81.0,15,2025-03-16,49.0,1,47.0,1,0.0,81.0,0.0,2025-03-18,0,0.0,0.0,100.0,20.0,single,False,1.82,2,2024-07-09,6.0,20,59.9,1
My Love Mine All Mine,2025-03-19,47.0,Mitski,96.0,7,2025-03-15,50.0,3,47.0,2,0.0,96.0,0.0,2025-03-19,0,0.0,0.0,100.0,20.0,album,False,2.3,11,2024-12-17,48.0,9,43.61,2
Too Sad to Dance,2025-03-19,41.0,Jung Kook,78.0,9,2025-03-17,40.0,1,41.0,1,0.0,78.0,0.0,2025-03-19,0,0.0,0.0,100.0,20.0,album,False,2.93,11,2024-11-04,11.0,9,43.61,1
New Jeans,2025-03-20,50.0,NewJeans,81.0,16,2025-03-18,47.0,1,50.0,1,0.0,81.0,0.0,2025-03-20,0,0.0,0.0,100.0,20.0,single,False,1.82,2,2024-07-09,6.0,20,59.9,1
Too Sad to Dance,2025-03-21,50.0,Jung Kook,78.0,10,2025-03-19,41.0,1,43.0,3,7.0,78.0,0.0,2025-03-22,1,17.073170731707318,0.0,99.0909090909091,28.35,album,False,2.93,11,2024-11-04,11.0,9,48.68,3
New Jeans,2025-03-22,49.0,NewJeans,80.0,17,2025-03-20,50.0,1,35.0,29,14.0,81.0,1.0,2025-04-13,22,34.14634146341464,1.1494252873563218,80.0,33.42,single,False,1.82,2,2024-07-09,6.0,20,63.42,29
My Love Mine All Mine,2025-03-22,50.0,Mitski,96.0,8,2025-03-20,48.0,1,50.0,1,0.0,96.0,0.0,2025-03-22,0,0.0,0.0,100.0,20.0,album,False,2.3,11,2024-12-17,48.0,9,43.61,1
STUPID IN LOVE (feat. HUH YUNJIN of LE SSERAFIM),2025-03-23,48.0,MAX,74.0,3,2025-03-07,45.0,15,28.0,28,20.0,76.0,2.0,2025-04-04,12,48.78048780487805,2.2988505747126435,89.0909090909091,42.9,album,False,2.89,12,2025-02-18,46.0,2,45.03,28
Rainy Days,2025-03-24,44.0,V,79.0,4,2025-03-16,39.0,7,44.0,1,0.0,79.0,0.0,2025-03-24,0,0.0,0.0,100.0,20.0,single,False,2.99,2,2024-08-13,11.0,3,34.72,1
My Love Mine All Mine,2025-03-27,41.0,Mitski,95.0,9,2025-03-22,50.0,4,41.0,2,0.0,95.0,0.0,2025-03-27,0,0.0,0.0,100.0,20.0,album,False,2.3,11,2024-12-17,48.0,9,43.61,2
Like That,2025-03-29,46.0,Future & Metro Boomin,90.0,2,2025-03-27,48.0,1,45.0,3,1.0,92.0,2.0,2025-03-30,1,2.4390243902439024,2.2988505747126435,99.0909090909091,21.73,album,True,4.46,17,2025-03-27,48.0,1,32.63,3
Hype Boy,2025-03-30,50.0,NewJeans,80.0,7,2025-03-26,47.0,3,50.0,1,0.0,80.0,0.0,2025-03-30,0,0.0,0.0,100.0,20.0,single,False,2.98,4,2024-05-18,18.0,18,56.94,1
My Love Mine All Mine,2025-03-30,49.0,Mitski,95.0,10,2025-03-28,46.0,1,49.0,1,0.0,95.0,0.0,2025-03-30,0,0.0,0.0,100.0,20.0,album,False,2.3,11,2024-12-17,48.0,9,43.61,1
Hype Boy,2025-04-01,46.0,NewJeans,80.0,8,2025-03-30,50.0,1,46.0,2,0.0,80.0,0.0,2025-04-01,0,0.0,0.0,100.0,20.0,single,False,2.98,4,2024-05-18,18.0,18,56.94,2
Ditto,2025-04-01,47.0,NewJeans,80.0,8,2025-03-26,49.0,5,47.0,1,0.0,80.0,0.0,2025-04-01,0,0.0,0.0,100.0,20.0,single,False,3.09,1,2024-05-18,15.0,24,65.83,1
OMG,2025-04-01,48.0,NewJeans,82.0,9,2025-02-18,45.0,41,48.0,1,0.0,82.0,0.0,2025-04-01,0,0.0,0.0,100.0,20.0,single,False,3.54,2,2024-05-18,11.0,14,51.01,1
Welcome to the Show,2025-04-02,48.0,DAY6,65.0,2,2025-03-31,47.0,1,46.0,3,2.0,65.0,0.0,2025-04-04,2,4.878048780487805,0.0,98.1818181818182,22.08,album,False,3.62,7,2025-03-20,36.0,5,38.55,3
Hype Boy,2025-04-04,48.0,NewJeans,80.0,9,2025-04-02,49.0,1,48.0,1,0.0,80.0,0.0,2025-04-04,0,0.0,0.0,100.0,20.0,single,False,2.98,4,2024-05-18,18.0,18,56.94,1
A bientot,2025-04-05,46.0,Lim Young Woong,56.0,18,2025-04-03,47.0,1,40.0,13,6.0,56.0,0.0,2025-04-17,12,14.634146341463412,0.0,89.0909090909091,25.14,album,False,4.27,12,2024-05-18,41.0,22,63.4,13
Filter,2025-04-06,31.0,BTS,72.0,4,2024-06-22,50.0,287,31.0,2,0.0,72.0,0.0,2025-04-06,0,0.0,0.0,100.0,20.0,album,False,3.0,20,2024-06-12,46.0,3,34.72,2
Get A Guitar,2025-04-06,49.0,RIIZE,67.0,5,2025-03-29,48.0,7,41.0,5,8.0,67.0,0.0,2025-04-08,2,19.51219512195122,0.0,98.1818181818182,29.39,single,False,2.67,2,2024-09-06,25.0,6,44.66,5
Drama,2025-04-07,48.0,aespa,83.0,2,2025-04-05,48.0,1,45.0,11,3.0,83.0,0.0,2025-04-14,7,7.317073170731707,0.0,93.63636363636364,22.39,album,False,3.58,7,2024-11-11,23.0,5,37.61,11
ETA,2025-04-07,50.0,NewJeans,80.0,6,2025-04-05,50.0,1,47.0,10,3.0,81.0,1.0,2025-04-13,6,7.317073170731707,1.1494252873563218,94.54545454545456,22.91,single,False,2.52,6,2024-07-23,3.0,16,54.46,10
If I have you only (My love X Nerd Connection),2025-04-09,47.0,Nerd Connection,53.0,2,2025-04-02,50.0,6,47.0,1,0.0,53.0,0.0,2025-04-09,0,0.0,0.0,100.0,20.0,single,False,4.18,2,2025-04-02,50.0,9,43.61,1
No Tomorrow - Spotify Singles,2025-04-10,46.0,Various Artists,45.0,2,2025-04-08,50.0,1,46.0,2,0.0,48.0,3.0,2025-04-10,0,0.0,3.4482758620689653,100.0,21.03,single,False,5.13,1,2025-04-08,50.0,1,32.41,2
Hype Boy,2025-04-11,46.0,NewJeans,80.0,10,2025-04-04,48.0,6,43.0,6,3.0,80.0,0.0,2025-04-14,3,7.317073170731707,0.0,97.27272727272728,23.11,single,False,2.98,4,2024-05-18,18.0,18,58.23,6
Get A Guitar,2025-04-12,49.0,RIIZE,67.0,6,2025-04-10,48.0,1,49.0,4,0.0,67.0,0.0,2025-04-12,0,0.0,0.0,100.0,20.0,single,False,2.67,2,2024-09-06,25.0,6,39.16,4
If I have you only (My love X Nerd Connection),2025-04-12,43.0,Nerd Connection,54.0,3,2025-04-09,47.0,2,43.0,5,0.0,54.0,0.0,2025-04-12,0,0.0,0.0,100.0,20.0,single,False,4.18,2,2025-04-02,50.0,9,43.61,5
Time of Our Life -Japanese ver.- - Japanese ver.,2025-04-14,42.0,DAY6,55.0,2,2025-04-04,49.0,9,42.0,7,0.0,55.0,0.0,2025-04-14,0,0.0,0.0,100.0,20.0,single,False,3.43,4,2025-04-01,49.0,7,40.64,7
Welcome to the Show,2025-04-16,46.0,DAY6,67.0,3,2025-04-04,46.0,11,46.0,1,0.0,67.0,0.0,2025-04-16,0,0.0,0.0,100.0,20.0,album,False,3.62,7,2025-03-20,36.0,5,37.68,1
ETA,2025-04-18,50.0,NewJeans,81.0,7,2025-04-16,49.0,1,50.0,1,0.0,81.0,0.0,2025-04-18,0,0.0,0.0,100.0,20.0,single,False,2.52,6,2024-07-23,3.0,16,53.98,1
If I have you only (My love X Nerd Connection),2025-04-18,49.0,Nerd Connection,54.0,4,2025-04-16,45.0,1,39.0,9,10.0,55.0,1.0,2025-04-23,5,24.390243902439025,1.1494252873563218,95.45454545454544,31.63,single,False,4.18,2,2025-04-02,50.0,9,49.85,9
Welcome to the Show,2025-04-18,48.0,DAY6,67.0,4,2025-04-16,46.0,1,48.0,2,0.0,67.0,0.0,2025-04-18,0,0.0,0.0,100.0,20.0,album,False,3.62,7,2025-03-20,36.0,5,37.68,2
You Were Beautiful,2025-04-19,49.0,DAY6,67.0,2,2025-04-17,46.0,1,49.0,2,0.0,67.0,0.0,2025-04-19,0,0.0,0.0,100.0,20.0,album,False,4.72,14,2025-04-14,48.0,12,48.05,2
A bientot,2025-04-19,43.0,Lim Young Woong,56.0,19,2025-04-17,40.0,1,43.0,4,0.0,57.0,1.0,2025-04-19,0,0.0,1.1494252873563218,100.0,20.34,album,False,4.27,12,2024-05-18,41.0,22,63.08,4
Drama,2025-04-20,50.0,aespa,83.0,3,2025-04-17,49.0,2,50.0,1,0.0,83.0,0.0,2025-04-20,0,0.0,0.0,100.0,20.0,album,False,3.58,7,2024-11-11,23.0,5,37.68,1
Love wins all,2025-04-21,48.0,IU,78.0,2,2025-04-19,47.0,1,48.0,2,0.0,78.0,0.0,2025-04-21,0,0.0,0.0,100.0,20.0,single,False,4.52,1,2025-01-26,8.0,1,31.76,2
Time of Our Life -Japanese ver.- - Japanese ver.,2025-04-23,49.0,DAY6,55.0,3,2025-04-20,47.0,2,49.0,1,0.0,55.0,0.0,2025-04-23,0,0.0,0.0,100.0,20.0,single,False,3.43,4,2025-04-01,49.0,7,40.64,1
Love 119,2025-04-23,50.0,RIIZE,69.0,2,2025-04-20,44.0,2,40.0,5,10.0,69.0,0.0,2025-04-24,1,24.390243902439025,0.0,99.0909090909091,32.01,single,False,2.89,1,2025-01-07,8.0,1,39.15,5
I’ll See You There Tomorrow,2025-04-23,45.0,TOMORROW X TOGETHER,78.0,2,2025-04-20,42.0,2,43.0,4,2.0,78.0,0.0,2025-04-24,1,4.878048780487805,0.0,99.0909090909091,22.26,album,False,3.28,7,2025-04-18,40.0,1,32.96,4
Love You With All My Heart,2025-04-23,48.0,Crush,73.0,2,2025-04-17,48.0,5,19.0,33,29.0,80.0,7.0,2025-05-08,15,70.73170731707317,8.045977011494253,86.36363636363636,55.05,single,False,4.07,2,2025-04-17,48.0,1,50.58,33
Lucky Girl Syndrome,2025-04-23,44.0,ILLIT,76.0,2,2025-04-06,45.0,16,21.0,33,23.0,78.0,2.0,2025-04-27,4,56.09756097560976,2.2988505747126435,96.36363636363636,48.01,single,False,2.33,4,2025-03-28,29.0,4,53.06,33
"Our Blues, Our Life",2025-04-24,47.0,Lim Young Woong,57.0,11,2025-04-22,47.0,1,44.0,4,3.0,57.0,0.0,2025-04-25,1,7.317073170731707,0.0,99.0909090909091,23.48,album,False,3.46,12,2024-05-18,39.0,28,73.74,4
A bientot,2025-04-24,49.0,Lim Young Woong,56.0,20,2025-04-22,49.0,1,46.0,3,3.0,56.0,0.0,2025-04-25,1,7.317073170731707,0.0,99.0909090909091,23.48,album,False,4.27,12,2024-05-18,41.0,22,64.85,3
Get A Guitar,2025-04-24,50.0,RIIZE,67.0,7,2025-04-15,50.0,8,50.0,1,0.0,67.0,0.0,2025-04-24,0,0.0,0.0,100.0,20.0,single,False,2.67,2,2024-09-06,25.0,6,39.16,1
Time of Our Life -Japanese ver.- - Japanese ver.,2025-04-25,48.0,DAY6,55.0,4,2025-04-23,49.0,1,47.0,2,1.0,55.0,0.0,2025-04-26,1,2.4390243902439024,0.0,99.0909090909091,21.04,single,False,3.43,4,2025-04-01,49.0,7,41.08,2
Cruel Summer,2025-04-26,46.0,Taylor Swift,96.0,7,2025-04-24,48.0,1,46.0,2,0.0,96.0,0.0,2025-04-26,0,0.0,0.0,100.0,20.0,album,False,2.97,18,2024-07-02,38.0,13,49.53,2
New Jeans,2025-04-27,40.0,NewJeans,80.0,18,2025-04-20,48.0,6,26.0,98,14.0,80.0,0.0,2025-06-03,37,34.14634146341464,0.0,66.36363636363636,30.35,single,False,1.82,2,2024-07-09,6.0,20,58.06,98
ETA,2025-04-27,41.0,NewJeans,81.0,8,2025-04-18,50.0,8,25.0,29,16.0,81.0,0.0,2025-05-02,5,39.02439024390244,0.0,95.45454545454544,38.6,single,False,2.52,6,2024-07-23,3.0,16,64.64,29
Hype Boy,2025-04-27,45.0,NewJeans,80.0,11,2025-04-16,48.0,10,30.0,29,15.0,80.0,0.0,2025-04-29,2,36.58536585365854,0.0,98.1818181818182,37.93,single,False,2.98,4,2024-05-18,18.0,18,67.86,29
Ditto,2025-04-27,46.0,NewJeans,81.0,9,2025-04-01,47.0,25,33.0,19,13.0,81.0,0.0,2025-04-30,3,31.70731707317073,0.0,97.27272727272728,35.31,single,False,3.09,1,2024-05-18,15.0,24,74.86,19
Attention,2025-04-28,38.0,NewJeans,78.0,6,2024-09-29,48.0,210,34.0,14,4.0,78.0,0.0,2025-04-29,1,9.75609756097561,0.0,99.0909090909091,24.7,single,False,3.0,4,2024-05-18,30.0,10,47.84,14
OMG,2025-04-28,41.0,NewJeans,82.0,10,2025-04-01,48.0,26,15.0,21,26.0,82.0,0.0,2025-05-01,3,63.41463414634146,0.0,97.27272727272728,51.16,single,False,3.54,2,2024-05-18,11.0,14,70.1,21
"Our Blues, Our Life",2025-04-29,50.0,Lim Young Woong,57.0,12,2025-04-27,49.0,1,48.0,2,2.0,57.0,0.0,2025-04-30,1,4.878048780487805,0.0,99.0909090909091,22.26,album,False,3.46,12,2024-05-18,39.0,28,72.96,2
Little Light,2025-05-01,43.0,DOYOUNG,69.0,2,2025-04-28,40.0,2,43.0,4,0.0,71.0,2.0,2025-05-01,0,0.0,2.2988505747126435,100.0,20.69,album,False,3.75,10,2025-04-25,32.0,1,32.19,4
"Our Blues, Our Life",2025-05-02,50.0,Lim Young Woong,57.0,13,2025-04-30,48.0,1,49.0,3,1.0,57.0,0.0,2025-05-03,1,2.4390243902439024,0.0,99.0909090909091,21.04,album,False,3.46,12,2024-05-18,39.0,28,72.19,3
Slow Dancing,2025-05-02,48.0,V,83.0,3,2025-04-30,49.0,1,48.0,1,0.0,83.0,0.0,2025-05-02,0,0.0,0.0,100.0,20.0,single,False,3.12,6,2024-09-10,5.0,4,36.2,1
Drama,2025-05-03,47.0,aespa,82.0,4,2025-04-20,50.0,12,43.0,7,4.0,83.0,1.0,2025-05-05,2,9.75609756097561,1.1494252873563218,98.1818181818182,24.86,album,False,3.58,7,2024-11-11,23.0,5,40.31,7
Slow Dancing,2025-05-04,48.0,V,82.0,4,2025-05-02,48.0,1,48.0,2,0.0,82.0,0.0,2025-05-04,0,0.0,0.0,100.0,20.0,single,False,3.12,6,2024-09-10,5.0,4,36.2,2
Bam Yang Gang,2025-05-05,47.0,BIBI,76.0,2,2025-04-30,45.0,4,43.0,3,4.0,76.0,0.0,2025-05-06,1,9.75609756097561,0.0,99.0909090909091,24.7,single,False,2.44,2,2025-02-15,44.0,1,34.51,3
To. X,2025-05-05,50.0,TAEYEON,75.0,2,2025-04-30,42.0,4,48.0,3,2.0,75.0,0.0,2025-05-06,1,4.878048780487805,0.0,99.0909090909091,22.26,single,False,2.84,6,2024-11-28,41.0,1,32.96,3
Yes or No,2025-05-06,47.0,Jung Kook,82.0,2,2025-05-01,46.0,4,47.0,3,0.0,82.0,0.0,2025-05-06,0,0.0,0.0,100.0,20.0,album,False,2.46,11,2024-11-04,7.0,1,31.76,3
euphoria,2025-05-06,50.0,Kendrick Lamar,89.0,2,2025-05-04,42.0,1,50.0,1,0.0,89.0,0.0,2025-05-06,0,0.0,0.0,100.0,20.0,single,True,6.39,1,2025-05-03,48.0,1,31.76,1
"Our Blues, Our Life",2025-05-07,42.0,Lim Young Woong,56.0,14,2025-05-04,49.0,2,42.0,2,0.0,56.0,0.0,2025-05-07,0,0.0,0.0,100.0,20.0,album,False,3.46,12,2024-05-18,39.0,28,71.76,2
A bientot,2025-05-07,43.0,Lim Young Woong,55.0,21,2025-04-26,48.0,10,43.0,1,0.0,55.0,0.0,2025-05-07,0,0.0,0.0,100.0,20.0,album,False,4.27,12,2024-05-18,41.0,22,62.87,1
Slow Dancing,2025-05-07,44.0,V,82.0,5,2025-05-05,48.0,1,44.0,2,0.0,82.0,0.0,2025-05-07,0,0.0,0.0,100.0,20.0,single,False,3.12,6,2024-09-10,5.0,4,36.2,2
we can't be friends (wait for your love),2025-05-08,50.0,Ariana Grande,94.0,2,2025-05-06,46.0,1,49.0,4,1.0,94.0,0.0,2025-05-09,1,2.4390243902439024,0.0,99.0909090909091,21.04,album,False,3.81,13,2025-03-11,20.0,1,32.19,4
"Our Blues, Our Life",2025-05-10,46.0,Lim Young Woong,56.0,15,2025-05-08,49.0,1,43.0,5,3.0,56.0,0.0,2025-05-13,3,7.317073170731707,0.0,97.27272727272728,23.11,album,False,3.46,12,2024-05-18,39.0,28,73.05,5
Drama,2025-05-11,46.0,aespa,83.0,5,2025-05-09,47.0,1,25.0,59,21.0,84.0,1.0,2025-05-24,13,51.21951219512195,1.1494252873563218,88.18181818181819,43.59,album,False,3.58,7,2024-11-11,23.0,5,49.69,59
Perfect Night,2025-05-13,50.0,LE SSERAFIM,85.0,2,2025-05-10,47.0,2,49.0,2,1.0,85.0,0.0,2025-05-14,1,2.4390243902439024,0.0,99.0909090909091,21.04,single,False,2.65,1,2024-10-29,14.0,10,45.52,2
Attention,2025-05-14,50.0,NewJeans,78.0,7,2025-05-11,50.0,2,50.0,1,0.0,78.0,0.0,2025-05-14,0,0.0,0.0,100.0,20.0,single,False,3.0,4,2024-05-18,30.0,10,45.09,1
MAESTRO,2025-05-15,49.0,SEVENTEEN,81.0,2,2025-05-11,41.0,3,48.0,2,1.0,82.0,1.0,2025-05-16,1,2.4390243902439024,1.1494252873563218,99.0909090909091,21.38,album,False,3.32,33,2025-05-01,20.0,1,32.4,2
Sudden Shower,2025-05-15,50.0,ECLIPSE,74.0,2,2025-05-10,48.0,4,41.0,4,9.0,76.0,2.0,2025-05-17,2,21.951219512195124,2.2988505747126435,98.1818181818182,31.3,single,False,3.88,8,2025-05-09,48.0,3,41.43,4
"Our Blues, Our Life",2025-05-16,46.0,Lim Young Woong,56.0,16,2025-05-14,47.0,1,46.0,3,0.0,57.0,1.0,2025-05-16,0,0.0,1.1494252873563218,100.0,20.34,album,False,3.46,12,2024-05-18,39.0,28,71.97,3
Ditto,2025-05-17,49.0,NewJeans,80.0,10,2025-05-15,48.0,1,48.0,2,1.0,80.0,0.0,2025-05-18,1,2.4390243902439024,0.0,99.0909090909091,21.04,single,False,3.09,1,2024-05-18,15.0,24,66.26,2
Mars,2025-05-18,47.0,D.O.,70.0,2,2025-05-12,48.0,5,47.0,1,0.0,70.0,0.0,2025-05-18,0,0.0,0.0,100.0,20.0,single,False,3.12,6,2025-05-12,48.0,1,31.76,1
Spring Snow,2025-05-19,44.0,10CM,69.0,2,2025-05-17,50.0,1,44.0,1,0.0,69.0,0.0,2025-05-19,0,0.0,0.0,100.0,20.0,single,False,3.36,2,2025-05-17,50.0,3,34.72,1
Attention,2025-05-19,48.0,NewJeans,78.0,8,2025-05-14,50.0,4,48.0,1,0.0,78.0,0.0,2025-05-19,0,0.0,0.0,100.0,20.0,single,False,3.0,4,2024-05-18,30.0,10,45.09,1
OMG,2025-05-20,50.0,NewJeans,81.0,11,2025-05-18,49.0,1,50.0,3,0.0,81.0,0.0,2025-05-20,0,0.0,0.0,100.0,20.0,single,False,3.54,2,2024-05-18,11.0,14,51.01,3
Ditto,2025-05-20,49.0,NewJeans,80.0,11,2025-05-18,48.0,1,49.0,1,0.0,80.0,0.0,2025-05-20,0,0.0,0.0,100.0,20.0,single,False,3.09,1,2024-05-18,15.0,24,65.83,1
Perfect Night,2025-05-20,46.0,LE SSERAFIM,84.0,3,2025-05-14,49.0,5,46.0,1,0.0,84.0,0.0,2025-05-20,0,0.0,0.0,100.0,20.0,single,False,2.65,1,2024-10-29,14.0,10,45.09,1
"Our Blues, Our Life",2025-05-20,48.0,Lim Young Woong,57.0,17,2025-05-18,50.0,1,48.0,2,0.0,57.0,0.0,2025-05-20,0,0.0,0.0,100.0,20.0,album,False,3.46,12,2024-05-18,39.0,28,71.76,2
Sudden Shower,2025-05-21,48.0,ECLIPSE,77.0,3,2025-05-18,43.0,2,36.0,5,12.0,78.0,1.0,2025-05-24,3,29.268292682926827,1.1494252873563218,97.27272727272728,34.43,single,False,3.88,8,2025-05-09,48.0,3,43.19,5
Spring Snow,2025-05-22,46.0,10CM,72.0,3,2025-05-19,44.0,2,32.0,4,14.0,74.0,2.0,2025-05-24,2,34.14634146341464,2.2988505747126435,98.1818181818182,37.4,single,False,3.36,2,2025-05-17,50.0,3,45.3,4
Perfect Night,2025-05-23,49.0,LE SSERAFIM,84.0,4,2025-05-20,46.0,2,49.0,3,0.0,84.0,0.0,2025-05-23,0,0.0,0.0,100.0,20.0,single,False,2.65,1,2024-10-29,14.0,10,45.09,3
CHIHIRO,2025-05-23,46.0,Billie Eilish,90.0,2,2025-05-19,47.0,3,46.0,3,0.0,92.0,2.0,2025-05-23,0,0.0,2.2988505747126435,100.0,20.69,album,False,5.06,10,2025-05-19,47.0,1,32.19,3
I Had Some Help (Feat. Morgan Wallen),2025-05-23,50.0,Post Malone & Morgan Wallen,95.0,2,2025-05-19,45.0,3,50.0,1,0.0,95.0,0.0,2025-05-23,0,0.0,0.0,100.0,20.0,single,True,2.97,1,2025-05-12,31.0,1,31.76,1
Jealousyvalhalla,2025-05-26,16.0,YANGHONGWON,48.0,2,2025-05-22,44.0,3,16.0,1,0.0,48.0,0.0,2025-05-26,0,0.0,0.0,100.0,20.0,single,False,2.47,1,2025-05-19,24.0,1,31.76,1
Come back to me,2025-05-26,42.0,RM,63.0,2,2025-05-16,47.0,9,42.0,1,0.0,63.0,0.0,2025-05-26,0,0.0,0.0,100.0,20.0,single,False,6.48,2,2025-05-12,21.0,1,31.76,1
ETA,2025-05-27,48.0,NewJeans,79.0,9,2025-05-25,44.0,1,31.0,40,17.0,79.0,0.0,2025-06-03,7,41.46341463414634,0.0,93.63636363636364,39.46,single,False,2.52,6,2024-07-23,3.0,16,64.73,40
Lucky Girl Syndrome,2025-05-27,45.0,ILLIT,78.0,3,2025-05-25,37.0,1,44.0,4,1.0,78.0,0.0,2025-05-28,1,2.4390243902439024,0.0,99.0909090909091,21.04,single,False,2.33,4,2025-03-28,29.0,4,36.63,4
Smart,2025-05-27,39.0,LE SSERAFIM,80.0,2,2025-05-25,36.0,1,35.0,25,4.0,80.0,0.0,2025-06-03,7,9.75609756097561,0.0,93.63636363636364,23.61,single,False,2.77,5,2025-02-21,24.0,1,32.45,25
Hype Boy,2025-05-27,49.0,NewJeans,80.0,12,2025-05-25,43.0,1,29.0,91,20.0,80.0,0.0,2025-06-03,7,48.78048780487805,0.0,93.63636363636364,43.12,single,False,2.98,4,2024-05-18,18.0,18,70.01,91
Fate,2025-05-27,44.0,(G)I-DLE,74.0,2,2025-05-25,40.0,1,44.0,1,0.0,74.0,0.0,2025-05-27,0,0.0,0.0,100.0,20.0,album,False,2.69,8,2025-02-21,49.0,2,33.24,1
Sudden Shower,2025-05-28,38.0,ECLIPSE,78.0,4,2025-05-25,41.0,2,26.0,66,12.0,79.0,1.0,2025-06-02,5,29.268292682926827,1.1494252873563218,95.45454545454544,34.07,single,False,3.88,8,2025-05-09,48.0,3,42.51,66
BIRDS OF A FEATHER,2025-05-28,41.0,Billie Eilish,93.0,2,2025-05-26,37.0,1,15.0,179,26.0,100.0,7.0,2025-08-15,79,63.41463414634146,8.045977011494253,28.181818181818187,39.76,album,False,3.51,10,2025-05-21,47.0,1,26.33,179
Fortnight (feat. Post Malone),2025-05-28,50.0,Taylor Swift,95.0,2,2025-05-26,46.0,1,49.0,2,1.0,95.0,0.0,2025-05-29,1,2.4390243902439024,0.0,99.0909090909091,21.04,album,False,3.82,16,2025-04-21,9.0,2,33.67,2
If We Ever Meet Again,2025-05-29,47.0,Lim Young Woong,58.0,3,2025-05-26,47.0,2,29.0,122,18.0,58.0,0.0,2025-06-24,26,43.90243902439025,0.0,76.36363636363637,37.22,album,False,4.57,12,2024-05-18,27.0,4,41.21,122
Spring Snow,2025-05-29,50.0,10CM,76.0,4,2025-05-25,38.0,3,30.0,16,20.0,77.0,1.0,2025-05-31,2,48.78048780487805,1.1494252873563218,98.1818181818182,44.37,single,False,3.36,2,2025-05-17,50.0,3,49.72,16
Not Like Us,2025-05-30,48.0,Kendrick Lamar,98.0,2,2025-05-25,29.0,4,43.0,3,5.0,98.0,0.0,2025-05-31,1,12.195121951219512,0.0,99.0909090909091,25.92,single,True,4.57,1,2025-05-09,37.0,4,39.73,3
Ditto,2025-05-31,42.0,NewJeans,80.0,12,2025-05-20,49.0,10,38.0,47,4.0,80.0,0.0,2025-06-03,3,9.75609756097561,0.0,97.27272727272728,24.33,single,False,3.09,1,2024-05-18,15.0,24,67.89,47
Face-off,2025-05-31,49.0,Jimin,73.0,2,2025-05-29,45.0,1,49.0,1,0.0,73.0,0.0,2025-05-31,0,0.0,0.0,100.0,20.0,single,True,3.83,6,2024-05-18,28.0,8,42.13,1
Alone,2025-05-31,45.0,Jimin,72.0,2,2025-05-29,40.0,1,45.0,1,0.0,72.0,0.0,2025-05-31,0,0.0,0.0,100.0,20.0,single,False,3.52,6,2024-05-18,26.0,4,36.2,1
Perfect Night,2025-06-01,48.0,LE SSERAFIM,84.0,5,2025-05-25,50.0,6,48.0,1,0.0,84.0,0.0,2025-06-01,0,0.0,0.0,100.0,20.0,single,False,2.65,1,2024-10-29,14.0,10,45.09,1
OMG,2025-06-01,45.0,NewJeans,81.0,12,2025-05-22,50.0,9,38.0,50,7.0,81.0,0.0,2025-06-20,19,17.073170731707318,0.0,82.72727272727273,25.08,single,False,3.54,2,2024-05-18,11.0,14,49.92,50
Fate,2025-06-01,49.0,(G)I-DLE,74.0,3,2025-05-27,44.0,4,46.0,4,3.0,74.0,0.0,2025-06-04,3,7.317073170731707,0.0,97.27272727272728,23.11,album,False,2.69,8,2025-02-21,49.0,2,34.53,4
Attention,2025-06-01,50.0,NewJeans,77.0,9,2025-05-19,48.0,12,44.0,8,6.0,77.0,0.0,2025-06-08,7,14.634146341463412,0.0,93.63636363636364,26.04,single,False,3.0,4,2024-05-18,30.0,10,47.33,8
Fortnight (feat. Post Malone),2025-06-02,50.0,Taylor Swift,95.0,3,2025-05-29,49.0,3,50.0,5,0.0,95.0,0.0,2025-06-02,0,0.0,0.0,100.0,20.0,album,False,3.82,16,2025-04-21,9.0,2,33.24,5
plot twist,2025-06-02,46.0,TWS,74.0,2,2025-05-25,48.0,7,43.0,14,3.0,74.0,0.0,2025-06-06,4,7.317073170731707,0.0,96.36363636363636,22.93,single,False,2.54,5,2025-01-28,45.0,2,34.19,14
Face-off,2025-06-02,49.0,Jimin,73.0,3,2025-05-31,49.0,1,49.0,1,0.0,73.0,0.0,2025-06-02,0,0.0,0.0,100.0,20.0,single,True,3.83,6,2024-05-18,28.0,8,42.13,1
Lucky Girl Syndrome,2025-06-02,43.0,ILLIT,77.0,4,2025-05-30,45.0,2,39.0,8,4.0,77.0,0.0,2025-06-03,1,9.75609756097561,0.0,99.0909090909091,24.7,single,False,2.33,4,2025-03-28,29.0,4,38.95,8
Alone,2025-06-02,44.0,Jimin,72.0,3,2025-05-31,45.0,1,26.0,28,18.0,72.0,0.0,2025-06-29,27,43.90243902439025,0.0,75.45454545454545,37.04,single,False,3.52,6,2024-05-18,26.0,4,40.87,28
Time of Our Life -Japanese ver.- - Japanese ver.,2025-06-03,49.0,DAY6,54.0,5,2025-04-26,47.0,37,47.0,2,2.0,54.0,0.0,2025-08-14,72,4.878048780487805,0.0,34.54545454545455,9.35,single,False,3.43,4,2025-04-01,49.0,7,17.53,2
Perfect Night,2025-06-03,46.0,LE SSERAFIM,83.0,6,2025-06-01,48.0,1,45.0,9,1.0,83.0,0.0,2025-06-04,1,2.4390243902439024,0.0,99.0909090909091,21.04,single,False,2.65,1,2024-10-29,14.0,10,45.52,9
Rainbow,2025-06-04,49.0,Lim Young Woong,55.0,7,2025-05-22,49.0,12,49.0,1,0.0,55.0,0.0,2025-06-04,0,0.0,0.0,100.0,20.0,album,False,3.27,12,2024-05-18,33.0,16,53.98,1
Face-off,2025-06-05,43.0,Jimin,72.0,4,2025-06-02,49.0,2,40.0,3,3.0,72.0,0.0,2025-06-06,1,7.317073170731707,0.0,99.0909090909091,23.48,single,True,3.83,6,2024-05-18,28.0,8,44.11,3
Interlude : Dive,2025-06-05,41.0,Jimin,82.0,18,2025-05-29,43.0,6,41.0,4,0.0,82.0,0.0,2025-06-05,0,0.0,0.0,100.0,20.0,single,False,2.18,6,2024-05-18,42.0,19,58.42,4
Rainbow,2025-06-07,50.0,Lim Young Woong,55.0,8,2025-06-04,49.0,2,47.0,5,3.0,55.0,0.0,2025-06-08,1,7.317073170731707,0.0,99.0909090909091,23.48,album,False,3.27,12,2024-05-18,33.0,16,55.96,5
Closer to You (feat. Major Lazer),2025-06-08,48.0,Jung Kook,75.0,14,2025-03-17,50.0,82,48.0,1,0.0,75.0,0.0,2025-06-08,0,0.0,0.0,100.0,20.0,album,False,2.85,11,2024-11-04,10.0,13,49.53,1
Face-off,2025-06-09,41.0,Jimin,68.0,5,2025-06-07,43.0,1,30.0,15,11.0,68.0,0.0,2025-06-19,10,26.82926829268293,0.0,90.9090909090909,31.6,single,True,3.83,6,2024-05-18,28.0,8,47.21,15
"Our Blues, Our Life",2025-06-10,49.0,Lim Young Woong,51.0,18,2025-05-21,49.0,19,49.0,2,0.0,51.0,0.0,2025-06-10,0,0.0,0.0,100.0,20.0,album,False,3.46,12,2024-05-18,39.0,28,71.76,2
Lucky Girl Syndrome,2025-06-12,48.0,ILLIT,72.0,5,2025-06-09,49.0,2,48.0,2,0.0,72.0,0.0,2025-06-12,0,0.0,0.0,100.0,20.0,single,False,2.33,4,2025-03-28,29.0,4,36.2,2
Cruel Summer,2025-06-12,50.0,Taylor Swift,88.0,8,2025-04-27,48.0,45,49.0,4,1.0,88.0,0.0,2025-06-14,2,2.4390243902439024,0.0,98.1818181818182,20.86,album,False,2.97,18,2024-07-02,38.0,13,49.62,4
Interlude : Dive,2025-06-12,46.0,Jimin,75.0,19,2025-06-08,50.0,3,37.0,12,9.0,75.0,0.0,2025-06-19,7,21.951219512195124,0.0,93.63636363636364,29.7,single,False,2.18,6,2024-05-18,42.0,19,62.98,12
Attention,2025-06-14,48.0,NewJeans,72.0,10,2025-06-08,44.0,5,48.0,4,0.0,72.0,0.0,2025-06-14,0,0.0,0.0,100.0,20.0,single,False,3.0,4,2024-05-18,30.0,10,45.09,4
Perfect Night,2025-06-14,50.0,LE SSERAFIM,78.0,7,2025-06-11,50.0,2,46.0,7,4.0,78.0,0.0,2025-06-17,3,9.75609756097561,0.0,97.27272727272728,24.33,single,False,2.65,1,2024-10-29,14.0,10,47.15,7
Rainbow,2025-06-16,49.0,Lim Young Woong,50.0,9,2025-06-11,48.0,4,49.0,1,0.0,50.0,0.0,2025-06-16,0,0.0,0.0,100.0,20.0,album,False,3.27,12,2024-05-18,33.0,16,53.98,1
Cruel Summer,2025-06-17,47.0,Taylor Swift,88.0,9,2025-06-15,49.0,1,45.0,5,2.0,89.0,1.0,2025-06-20,3,4.878048780487805,1.1494252873563218,97.27272727272728,22.24,album,False,2.97,18,2024-07-02,38.0,13,50.27,5
plot twist,2025-06-17,49.0,TWS,68.0,3,2025-06-15,46.0,1,49.0,1,0.0,68.0,0.0,2025-06-17,0,0.0,0.0,100.0,20.0,single,False,2.54,5,2025-01-28,45.0,2,33.24,1
Rainbow,2025-06-18,50.0,Lim Young Woong,51.0,10,2025-06-16,49.0,1,50.0,1,0.0,51.0,0.0,2025-06-18,0,0.0,0.0,100.0,20.0,album,False,3.27,12,2024-05-18,33.0,16,53.98,1
Impossible,2025-06-18,49.0,RIIZE,63.0,2,2025-05-25,46.0,23,44.0,4,5.0,63.0,0.0,2025-06-21,3,12.195121951219512,0.0,97.27272727272728,25.55,single,False,3.04,2,2025-04-20,21.0,1,34.59,4
Midas Touch,2025-06-19,49.0,KISS OF LIFE,75.0,2,2025-06-17,45.0,1,49.0,3,0.0,75.0,0.0,2025-06-19,0,0.0,0.0,100.0,20.0,single,False,2.71,2,2025-04-05,32.0,2,33.24,3
"Our Blues, Our Life",2025-06-21,50.0,Lim Young Woong,51.0,19,2025-06-11,49.0,9,50.0,1,0.0,51.0,0.0,2025-06-21,0,0.0,0.0,100.0,20.0,album,False,3.46,12,2024-05-18,39.0,28,71.76,1
Rainbow,2025-06-21,48.0,Lim Young Woong,51.0,11,2025-06-18,50.0,2,48.0,1,0.0,51.0,0.0,2025-06-21,0,0.0,0.0,100.0,20.0,album,False,3.27,12,2024-05-18,33.0,16,53.98,1
Not Like Us,2025-06-22,47.0,Kendrick Lamar,93.0,3,2025-06-01,44.0,20,44.0,8,3.0,95.0,2.0,2025-06-28,6,7.317073170731707,2.2988505747126435,94.54545454545456,23.26,single,True,4.57,1,2025-05-09,37.0,4,36.9,8
A bientot,2025-06-24,45.0,Lim Young Woong,51.0,22,2025-05-07,43.0,47,45.0,2,0.0,51.0,0.0,2025-06-24,0,0.0,0.0,100.0,20.0,album,False,4.27,12,2024-05-18,41.0,22,62.87,2
Girls Never Die,2025-06-24,50.0,tripleS,69.0,2,2025-06-21,42.0,2,47.0,4,3.0,70.0,1.0,2025-06-27,3,7.317073170731707,1.1494252873563218,97.27272727272728,23.46,album,False,3.13,10,2025-05-11,43.0,1,33.27,4
"Our Blues, Our Life",2025-06-24,39.0,Lim Young Woong,52.0,20,2025-06-21,50.0,2,39.0,4,0.0,53.0,1.0,2025-06-24,0,0.0,1.1494252873563218,100.0,20.34,album,False,3.46,12,2024-05-18,39.0,28,71.97,4
Rainbow,2025-06-24,42.0,Lim Young Woong,52.0,12,2025-06-21,48.0,2,40.0,5,2.0,54.0,2.0,2025-06-26,2,4.878048780487805,2.2988505747126435,98.1818181818182,22.77,album,False,3.27,12,2024-05-18,33.0,16,55.28,5
Face-off,2025-06-26,47.0,Jimin,69.0,6,2025-06-23,40.0,2,31.0,4,16.0,70.0,1.0,2025-06-28,2,39.02439024390244,1.1494252873563218,98.1818181818182,39.49,single,True,3.83,6,2024-05-18,28.0,8,54.03,4
Interlude : Dive,2025-06-28,47.0,Jimin,77.0,20,2025-06-23,50.0,4,42.0,2,5.0,77.0,0.0,2025-06-29,1,12.195121951219512,0.0,99.0909090909091,25.92,single,False,2.18,6,2024-05-18,42.0,19,61.95,2
Attention,2025-06-28,50.0,NewJeans,75.0,11,2025-06-17,50.0,10,49.0,2,1.0,75.0,0.0,2025-06-29,1,2.4390243902439024,0.0,99.0909090909091,21.04,single,False,3.0,4,2024-05-18,30.0,10,45.52,2
FRI(END)S,2025-06-28,48.0,V,88.0,2,2025-06-25,48.0,2,48.0,1,0.0,88.0,0.0,2025-06-28,0,0.0,0.0,100.0,20.0,single,False,2.47,4,2025-03-17,9.0,4,36.2,1
Midas Touch,2025-06-29,50.0,KISS OF LIFE,77.0,3,2025-06-21,49.0,7,50.0,1,0.0,77.0,0.0,2025-06-29,0,0.0,0.0,100.0,20.0,single,False,2.71,2,2025-04-05,32.0,2,33.24,1
EASY,2025-06-29,48.0,LE SSERAFIM,80.0,2,2025-06-23,48.0,5,48.0,1,0.0,80.0,0.0,2025-06-29,0,0.0,0.0,100.0,20.0,single,False,2.74,5,2025-02-21,9.0,7,40.64,1
Rainbow,2025-06-30,46.0,Lim Young Woong,54.0,13,2025-06-28,49.0,1,43.0,13,3.0,56.0,2.0,2025-07-10,10,7.317073170731707,2.2988505747126435,90.9090909090909,22.53,album,False,3.27,12,2024-05-18,33.0,16,53.31,13
FRI(END)S,2025-06-30,49.0,V,88.0,3,2025-06-28,48.0,1,43.0,14,6.0,90.0,2.0,2025-07-01,1,14.634146341463412,2.2988505747126435,99.0909090909091,27.82,single,False,2.47,4,2025-03-17,9.0,4,40.93,14
"Our Blues, Our Life",2025-06-30,50.0,Lim Young Woong,54.0,21,2025-06-27,50.0,2,48.0,2,2.0,55.0,1.0,2025-07-01,1,4.878048780487805,1.1494252873563218,99.0909090909091,22.6,album,False,3.46,12,2024-05-18,39.0,28,73.18,2
Face-off,2025-07-01,49.0,Jimin,71.0,7,2025-06-29,36.0,1,49.0,3,0.0,72.0,1.0,2025-07-01,0,0.0,1.1494252873563218,100.0,20.34,single,True,3.83,6,2024-05-18,28.0,8,42.34,3
Alone,2025-07-01,50.0,Jimin,71.0,4,2025-06-29,26.0,1,50.0,1,0.0,71.0,0.0,2025-07-01,0,0.0,0.0,100.0,20.0,single,False,3.52,6,2024-05-18,26.0,4,36.2,1
"Our Blues, Our Life",2025-07-04,49.0,Lim Young Woong,55.0,22,2025-07-01,48.0,2,49.0,1,0.0,55.0,0.0,2025-07-04,0,0.0,0.0,100.0,20.0,album,False,3.46,12,2024-05-18,39.0,28,71.76,1
SHEESH,2025-07-04,50.0,BABYMONSTER,85.0,2,2025-06-30,47.0,3,50.0,2,0.0,85.0,0.0,2025-07-04,0,0.0,0.0,100.0,20.0,single,False,2.84,7,2025-04-03,33.0,1,31.76,2
"Our Blues, Our Life",2025-07-06,48.0,Lim Young Woong,56.0,23,2025-07-04,49.0,1,48.0,2,0.0,56.0,0.0,2025-07-06,0,0.0,0.0,100.0,20.0,album,False,3.46,12,2024-05-18,39.0,28,71.76,2
Face-off,2025-07-06,50.0,Jimin,72.0,8,2025-07-03,49.0,2,50.0,1,0.0,72.0,0.0,2025-07-06,0,0.0,0.0,100.0,20.0,single,True,3.83,6,2024-05-18,28.0,8,42.13,1
Not Like Us,2025-07-07,40.0,Kendrick Lamar,96.0,4,2025-06-29,44.0,7,37.0,21,3.0,97.0,1.0,2025-07-14,7,7.317073170731707,1.1494252873563218,93.63636363636364,22.73,single,True,4.57,1,2025-05-09,37.0,4,36.34,21
ETA,2025-07-08,48.0,NewJeans,78.0,10,2025-07-05,47.0,2,48.0,1,0.0,78.0,0.0,2025-07-08,0,0.0,0.0,100.0,20.0,single,False,2.52,6,2024-07-23,3.0,16,53.98,1
"Our Blues, Our Life",2025-07-09,48.0,Lim Young Woong,55.0,24,2025-07-07,48.0,1,48.0,2,0.0,55.0,0.0,2025-07-09,0,0.0,0.0,100.0,20.0,album,False,3.46,12,2024-05-18,39.0,28,71.76,2
ETA,2025-07-14,48.0,NewJeans,78.0,11,2025-07-08,48.0,5,48.0,3,0.0,78.0,0.0,2025-07-14,0,0.0,0.0,100.0,20.0,single,False,2.52,6,2024-07-23,3.0,16,53.98,3
"Our Blues, Our Life",2025-07-15,46.0,Lim Young Woong,56.0,25,2025-07-07,48.0,7,43.0,6,3.0,56.0,0.0,2025-07-18,3,7.317073170731707,0.0,97.27272727272728,23.11,album,False,3.46,12,2024-05-18,39.0,28,73.05,6
Rainbow,2025-07-15,45.0,Lim Young Woong,56.0,14,2025-07-13,47.0,1,42.0,10,3.0,56.0,0.0,2025-07-18,3,7.317073170731707,0.0,97.27272727272728,23.11,album,False,3.27,12,2024-05-18,33.0,16,55.27,10
FRI(END)S,2025-07-17,48.0,V,90.0,4,2025-07-14,50.0,2,45.0,4,3.0,90.0,0.0,2025-07-20,3,7.317073170731707,0.0,97.27272727272728,23.11,single,False,2.47,4,2025-03-17,9.0,4,37.49,4
A bientot,2025-07-18,48.0,Lim Young Woong,55.0,23,2025-06-25,45.0,22,48.0,3,0.0,55.0,0.0,2025-07-18,0,0.0,0.0,100.0,20.0,album,False,4.27,12,2024-05-18,41.0,22,62.87,3
Alone,2025-07-19,43.0,Jimin,71.0,5,2025-07-01,50.0,17,43.0,2,0.0,71.0,0.0,2025-07-19,0,0.0,0.0,100.0,20.0,single,False,3.52,6,2024-05-18,26.0,4,36.2,2
Face-off,2025-07-19,37.0,Jimin,72.0,9,2025-07-06,50.0,12,37.0,2,0.0,72.0,0.0,2025-07-19,0,0.0,0.0,100.0,20.0,single,True,3.83,6,2024-05-18,28.0,8,42.13,2
Ditto,2025-07-20,49.0,NewJeans,79.0,13,2025-07-17,50.0,2,49.0,1,0.0,79.0,0.0,2025-07-20,0,0.0,0.0,100.0,20.0,single,False,3.09,1,2024-05-18,15.0,24,65.83,1
FRI(END)S,2025-07-22,49.0,V,90.0,5,2025-07-20,45.0,1,49.0,1,0.0,90.0,0.0,2025-07-22,0,0.0,0.0,100.0,20.0,single,False,2.47,4,2025-03-17,9.0,4,36.2,1
"Our Blues, Our Life",2025-07-22,46.0,Lim Young Woong,56.0,26,2025-07-20,43.0,1,46.0,3,0.0,56.0,0.0,2025-07-22,0,0.0,0.0,100.0,20.0,album,False,3.46,12,2024-05-18,39.0,28,71.76,3
Please Please Please,2025-07-23,50.0,Sabrina Carpenter,98.0,2,2025-07-21,45.0,1,49.0,2,1.0,98.0,0.0,2025-07-24,1,2.4390243902439024,0.0,99.0909090909091,21.04,single,True,3.11,2,2025-06-10,45.0,4,36.63,2
OMG,2025-07-24,42.0,NewJeans,80.0,13,2025-07-21,50.0,2,42.0,8,0.0,80.0,0.0,2025-07-24,0,0.0,0.0,100.0,20.0,single,False,3.54,2,2024-05-18,11.0,14,51.01,8
Ditto,2025-07-24,45.0,NewJeans,79.0,14,2025-07-20,49.0,3,45.0,1,0.0,79.0,0.0,2025-07-24,0,0.0,0.0,100.0,20.0,single,False,3.09,1,2024-05-18,15.0,24,65.83,1
ETA,2025-07-24,50.0,NewJeans,78.0,12,2025-07-16,49.0,7,50.0,1,0.0,78.0,0.0,2025-07-24,0,0.0,0.0,100.0,20.0,single,False,2.52,6,2024-07-23,3.0,16,53.98,1
Ditto,2025-07-26,50.0,NewJeans,78.0,15,2025-07-24,45.0,1,50.0,5,0.0,79.0,1.0,2025-07-26,0,0.0,1.1494252873563218,100.0,20.34,single,False,3.09,1,2024-05-18,15.0,24,66.04,5
Klaxon,2025-07-27,47.0,(G)I-DLE,74.0,2,2025-07-24,47.0,2,36.0,17,11.0,75.0,1.0,2025-08-04,8,26.82926829268293,1.1494252873563218,92.72727272727272,32.3,single,False,2.92,4,2025-07-22,50.0,2,39.22,17
Rainbow,2025-07-29,47.0,Lim Young Woong,56.0,15,2025-07-24,44.0,4,47.0,2,0.0,56.0,0.0,2025-07-29,0,0.0,0.0,100.0,20.0,album,False,3.27,12,2024-05-18,33.0,16,53.98,2
Cruel Summer,2025-07-31,50.0,Taylor Swift,92.0,10,2025-06-21,45.0,39,47.0,5,3.0,93.0,1.0,2025-08-04,4,7.317073170731707,1.1494252873563218,96.36363636363636,23.28,album,False,2.97,18,2024-07-02,38.0,13,50.7,5
Not Like Us,2025-07-31,47.0,Kendrick Lamar,97.0,5,2025-07-28,46.0,2,46.0,4,1.0,97.0,0.0,2025-08-01,1,2.4390243902439024,0.0,99.0909090909091,21.04,single,True,4.57,1,2025-05-09,37.0,4,36.63,4
Please Please Please,2025-08-01,50.0,Sabrina Carpenter,98.0,3,2025-07-24,49.0,7,50.0,2,0.0,98.0,0.0,2025-08-01,0,0.0,0.0,100.0,20.0,single,True,3.11,2,2025-06-10,45.0,4,36.2,2
Ditto,2025-08-03,47.0,NewJeans,79.0,16,2025-07-30,50.0,3,47.0,1,0.0,79.0,0.0,2025-08-03,0,0.0,0.0,100.0,20.0,single,False,3.09,1,2024-05-18,15.0,24,65.83,1
EASY,2025-08-03,50.0,LE SSERAFIM,80.0,3,2025-06-29,48.0,34,50.0,1,0.0,80.0,0.0,2025-08-03,0,0.0,0.0,100.0,20.0,single,False,2.74,5,2025-02-21,9.0,7,40.64,1
Rainbow,2025-08-04,48.0,Lim Young Woong,56.0,16,2025-07-30,47.0,4,43.0,6,5.0,56.0,0.0,2025-08-09,5,12.195121951219512,0.0,95.45454545454544,25.19,album,False,3.27,12,2024-05-18,33.0,16,56.13,6
Who (Beautiful Mind Remix),2025-08-05,50.0,Jimin,61.0,2,2025-08-03,35.0,1,43.0,8,7.0,62.0,1.0,2025-08-12,7,17.073170731707318,1.1494252873563218,93.63636363636364,27.61,album,False,2.97,10,2025-07-25,42.0,12,51.29,8
"Our Blues, Our Life",2025-08-05,49.0,Lim Young Woong,56.0,27,2025-07-24,48.0,11,49.0,3,0.0,56.0,0.0,2025-08-05,0,0.0,0.0,100.0,20.0,album,False,3.46,12,2024-05-18,39.0,28,71.76,3
Cruel Summer,2025-08-07,48.0,Taylor Swift,92.0,11,2025-08-04,47.0,2,39.0,16,9.0,93.0,1.0,2025-08-15,8,21.951219512195124,1.1494252873563218,92.72727272727272,29.87,album,False,2.97,18,2024-07-02,38.0,13,53.98,16
Chk Chk Boom,2025-08-07,44.0,Stray Kids,68.0,2,2025-08-03,46.0,3,44.0,3,0.0,68.0,0.0,2025-08-07,0,0.0,0.0,100.0,20.0,album,False,2.47,8,2025-07-21,28.0,1,31.76,3
EASY,2025-08-08,49.0,LE SSERAFIM,79.0,4,2025-08-03,50.0,4,49.0,1,0.0,79.0,0.0,2025-08-08,0,0.0,0.0,100.0,20.0,single,False,2.74,5,2025-02-21,9.0,7,40.64,1
"Our Blues, Our Life",2025-08-09,46.0,Lim Young Woong,55.0,28,2025-08-07,49.0,1,46.0,1,0.0,55.0,0.0,2025-08-09,0,0.0,0.0,100.0,20.0,album,False,3.46,12,2024-05-18,39.0,28,71.76,1
EASY,2025-08-10,38.0,LE SSERAFIM,80.0,5,2025-08-08,49.0,1,34.0,11,4.0,80.0,0.0,2025-08-14,4,9.75609756097561,0.0,96.36363636363636,24.15,single,False,2.74,5,2025-02-21,9.0,7,42.37,11
Perfect Night,2025-08-10,42.0,LE SSERAFIM,81.0,8,2025-06-20,50.0,50,36.0,9,6.0,81.0,0.0,2025-08-15,5,14.634146341463412,0.0,95.45454545454544,26.41,single,False,2.65,1,2024-10-29,14.0,10,48.02,9
Ditto,2025-08-10,45.0,NewJeans,78.0,17,2025-08-03,47.0,6,45.0,5,0.0,79.0,1.0,2025-08-10,0,0.0,1.1494252873563218,100.0,20.34,single,False,3.09,1,2024-05-18,15.0,24,66.04,5
New Jeans,2025-08-11,50.0,NewJeans,78.0,19,2025-08-03,45.0,7,44.0,5,6.0,78.0,0.0,2025-08-14,3,14.634146341463412,0.0,97.27272727272728,26.77,single,False,1.82,2,2024-07-09,6.0,20,63.52,5
"Our Blues, Our Life",2025-08-12,49.0,Lim Young Woong,56.0,29,2025-08-09,46.0,2,49.0,2,0.0,56.0,0.0,2025-08-12,0,0.0,0.0,100.0,20.0,album,False,3.46,12,2024-05-18,39.0,28,71.76,2
Rainbow,2025-08-12,47.0,Lim Young Woong,56.0,17,2025-08-09,43.0,2,47.0,1,0.0,56.0,0.0,2025-08-12,0,0.0,0.0,100.0,20.0,album,False,3.27,12,2024-05-18,33.0,16,53.98,1
Please Please Please,2025-08-15,47.0,Sabrina Carpenter,98.0,4,2025-08-02,50.0,12,47.0,2,0.0,98.0,0.0,2025-08-15,0,0.0,0.0,100.0,20.0,single,True,3.11,2,2025-06-10,45.0,4,36.2,2
Klaxon,2025-08-15,45.0,(G)I-DLE,75.0,3,2025-07-24,47.0,21,45.0,2,0.0,75.0,0.0,2025-08-15,0,0.0,0.0,100.0,20.0,single,False,2.92,4,2025-07-22,50.0,2,33.24,2
Who (Beautiful Mind Remix),2025-08-17,49.0,Jimin,62.0,3,2025-08-03,35.0,13,49.0,1,0.0,62.0,0.0,2025-08-17,0,0.0,0.0,100.0,20.0,album,False,2.97,10,2025-07-25,42.0,12,48.05,1
Who (Funky Remix),2025-08-17,44.0,Jimin,62.0,2,2025-08-14,49.0,2,44.0,1,0.0,62.0,0.0,2025-08-17,0,0.0,0.0,100.0,20.0,album,False,3.14,10,2025-07-25,46.0,11,46.57,1
OMG,2025-08-17,50.0,NewJeans,80.0,14,2025-07-31,48.0,16,44.0,3,6.0,80.0,0.0,2025-08-18,1,14.634146341463412,0.0,99.0909090909091,27.14,single,False,3.54,2,2024-05-18,11.0,14,55.32,3
New Jeans,2025-08-18,50.0,NewJeans,78.0,20,2025-08-16,49.0,1,50.0,2,0.0,78.0,0.0,2025-08-18,0,0.0,0.0,100.0,20.0,single,False,1.82,2,2024-07-09,6.0,20,59.9,2
Left and Right (Feat. Jung Kook of BTS),2025-08-18,47.0,Charlie Puth,78.0,8,2025-02-10,46.0,188,47.0,4,0.0,78.0,0.0,2025-08-18,0,0.0,0.0,100.0,20.0,album,False,2.57,12,2024-05-18,23.0,8,42.13,4
Who (Funky Remix),2025-08-20,39.0,Jimin,62.0,3,2025-08-17,44.0,2,39.0,5,0.0,62.0,0.0,2025-08-20,0,0.0,0.0,100.0,20.0,album,False,3.14,10,2025-07-25,46.0,11,46.57,5
Who (Beautiful Mind Remix),2025-08-20,49.0,Jimin,62.0,4,2025-08-17,49.0,2,49.0,2,0.0,62.0,0.0,2025-08-20,0,0.0,0.0,100.0,20.0,album,False,2.97,10,2025-07-25,42.0,12,48.05,2
Who (Instrumental),2025-08-23,46.0,Jimin,61.0,2,2025-08-21,45.0,1,45.0,2,1.0,61.0,0.0,2025-08-24,1,2.4390243902439024,0.0,99.0909090909091,21.04,album,False,2.85,10,2025-07-25,44.0,8,42.56,2
Who (Beautiful Mind Remix),2025-08-23,49.0,Jimin,62.0,5,2025-08-21,49.0,1,49.0,1,0.0,62.0,0.0,2025-08-23,0,0.0,0.0,100.0,20.0,album,False,2.97,10,2025-07-25,42.0,12,48.05,1
Left and Right (Feat. Jung Kook of BTS),2025-08-23,43.0,Charlie Puth,78.0,9,2025-08-21,48.0,1,33.0,24,10.0,80.0,2.0,2025-09-02,10,24.390243902439025,2.2988505747126435,90.9090909090909,31.07,album,False,2.57,12,2024-05-18,23.0,8,46.87,24
EASY,2025-08-24,47.0,LE SSERAFIM,79.0,6,2025-08-21,50.0,2,47.0,1,0.0,79.0,0.0,2025-08-24,0,0.0,0.0,100.0,20.0,single,False,2.74,5,2025-02-21,9.0,7,40.64,1
FIELD TRIP,2025-08-24,31.0,¥$ & Kanye West & Ty Dolla $ign,78.0,2,2025-08-10,39.0,13,31.0,2,0.0,78.0,0.0,2025-08-24,0,0.0,0.0,100.0,20.0,album,True,2.79,16,2025-08-04,24.0,1,31.76,2
Super Shy,2025-08-24,49.0,NewJeans,81.0,2,2025-08-22,47.0,1,49.0,2,0.0,81.0,0.0,2025-08-24,0,0.0,0.0,100.0,20.0,single,False,2.58,2,2024-07-09,4.0,2,33.24,2
Please Please Please,2025-08-24,33.0,Sabrina Carpenter,97.0,5,2025-08-16,47.0,7,33.0,9,0.0,97.0,0.0,2025-08-24,0,0.0,0.0,100.0,20.0,single,True,3.11,2,2025-06-10,45.0,4,36.2,9
T.B.H,2025-08-25,44.0,QWER,60.0,2,2025-08-21,47.0,3,44.0,4,0.0,60.0,0.0,2025-08-25,0,0.0,0.0,100.0,20.0,single,False,2.93,7,2025-04-06,47.0,6,39.16,4
Perfect Night,2025-08-25,50.0,LE SSERAFIM,81.0,9,2025-08-19,40.0,5,50.0,1,0.0,81.0,0.0,2025-08-25,0,0.0,0.0,100.0,20.0,single,False,2.65,1,2024-10-29,14.0,10,45.09,1
Cruel Summer,2025-08-25,47.0,Taylor Swift,92.0,12,2025-08-23,47.0,1,47.0,3,0.0,92.0,0.0,2025-08-25,0,0.0,0.0,100.0,20.0,album,False,2.97,18,2024-07-02,38.0,13,49.53,3
EASY,2025-08-26,49.0,LE SSERAFIM,79.0,7,2025-08-24,47.0,1,49.0,2,0.0,79.0,0.0,2025-08-26,0,0.0,0.0,100.0,20.0,single,False,2.74,5,2025-02-21,9.0,7,40.64,2
Who (Acoustic Remix),2025-08-28,45.0,Jimin,63.0,2,2025-08-24,43.0,3,45.0,1,0.0,63.0,0.0,2025-08-28,0,0.0,0.0,100.0,20.0,album,False,3.07,10,2025-07-25,40.0,4,36.2,1
Who (Rock Remix),2025-08-28,42.0,Jimin,63.0,2,2025-08-24,35.0,3,42.0,3,0.0,64.0,1.0,2025-08-28,0,0.0,1.1494252873563218,100.0,20.34,album,False,2.87,10,2025-07-25,43.0,4,36.42,3
Perfect Night,2025-08-28,48.0,LE SSERAFIM,81.0,10,2025-08-25,50.0,2,48.0,1,0.0,81.0,0.0,2025-08-28,0,0.0,0.0,100.0,20.0,single,False,2.65,1,2024-10-29,14.0,10,45.09,1
HAPPY,2025-08-29,42.0,DAY6,57.0,2,2025-03-21,39.0,160,4.0,91,38.0,64.0,7.0,2025-10-06,38,92.6829268292683,8.045977011494253,65.45454545454545,61.85,album,False,3.17,7,2025-03-21,39.0,1,49.66,91
Big Dawgs,2025-08-29,48.0,Hanumankind & Kalmi,92.0,2,2025-08-27,48.0,1,48.0,3,0.0,92.0,0.0,2025-08-29,0,0.0,0.0,100.0,20.0,single,True,3.18,1,2025-08-25,48.0,1,31.76,3
EASY,2025-08-29,45.0,LE SSERAFIM,79.0,8,2025-08-27,49.0,1,45.0,3,0.0,79.0,0.0,2025-08-29,0,0.0,0.0,100.0,20.0,single,False,2.74,5,2025-02-21,9.0,7,40.64,3
Hype Boy,2025-08-31,47.0,NewJeans,79.0,13,2025-08-27,44.0,3,47.0,1,0.0,79.0,0.0,2025-08-31,0,0.0,0.0,100.0,20.0,single,False,2.98,4,2024-05-18,18.0,18,56.94,1
Cruel Summer,2025-08-31,43.0,Taylor Swift,92.0,13,2025-08-27,47.0,3,43.0,1,0.0,92.0,0.0,2025-08-31,0,0.0,0.0,100.0,20.0,album,False,2.97,18,2024-07-02,38.0,13,49.53,1
Perfect Night,2025-09-01,45.0,LE SSERAFIM,81.0,11,2025-08-28,48.0,3,30.0,51,15.0,81.0,0.0,2025-09-02,1,36.58536585365854,0.0,99.0909090909091,38.11,single,False,2.65,1,2024-10-29,14.0,10,56.35,51
If I have you only (My love X Nerd Connection),2025-09-02,46.0,Nerd Connection,53.0,5,2025-04-26,44.0,128,46.0,2,0.0,53.0,0.0,2025-09-02,0,0.0,0.0,100.0,20.0,single,False,4.18,2,2025-04-02,50.0,9,43.61,2
Why?,2025-09-02,49.0,PLAVE,55.0,2,2025-08-28,34.0,4,49.0,2,0.0,55.0,0.0,2025-09-02,0,0.0,0.0,100.0,20.0,single,False,2.46,1,2025-08-26,39.0,1,31.76,2
Don't Look Back in Anger - Remastered,2025-09-02,45.0,Oasis,74.0,2,2025-08-31,31.0,1,45.0,1,0.0,74.0,0.0,2025-09-02,0,0.0,0.0,100.0,20.0,album,False,4.83,40,2025-08-29,32.0,2,33.24,1
Small girl (feat. D.O.),2025-09-02,43.0,Lee Young Ji,75.0,2,2025-08-31,44.0,1,43.0,2,0.0,75.0,0.0,2025-09-02,0,0.0,0.0,100.0,20.0,single,False,3.16,6,2025-06-22,23.0,3,34.72,2
Don't Look Back In Anger - Remastered,2025-09-03,45.0,Oasis,78.0,2,2025-09-01,49.0,1,45.0,1,0.0,78.0,0.0,2025-09-03,0,0.0,0.0,100.0,20.0,album,False,4.83,40,2025-09-01,49.0,1,31.76,1
Don't Look Back in Anger - Remastered,2025-09-04,47.0,Oasis,75.0,3,2025-09-02,45.0,1,47.0,1,0.0,75.0,0.0,2025-09-04,0,0.0,0.0,100.0,20.0,album,False,4.83,40,2025-08-29,32.0,2,33.24,1
Like Crazy,2025-09-05,33.0,Jimin,80.0,2,2025-09-03,38.0,1,8.0,84,25.0,80.0,0.0,2025-11-23,79,60.97560975609756,0.0,28.181818181818187,36.12,single,False,3.54,6,2024-05-18,1.0,1,24.03,84
Touch,2025-09-05,47.0,KATSEYE,82.0,2,2025-09-03,50.0,1,16.0,68,31.0,86.0,4.0,2025-09-24,19,75.60975609756098,4.597701149425287,82.72727272727273,55.73,single,False,2.16,1,2025-08-26,50.0,2,51.58,68
Time of Our Life -Japanese ver.- - Japanese ver.,2025-09-05,50.0,DAY6,55.0,6,2025-08-14,47.0,21,29.0,30,21.0,57.0,2.0,2025-09-19,14,51.21951219512195,2.2988505747126435,87.27272727272728,43.75,single,False,3.43,4,2025-04-01,49.0,7,52.53,30
MILLION DOLLAR BABY,2025-09-07,50.0,Tommy Richman,93.0,2,2025-09-04,49.0,2,50.0,1,0.0,93.0,0.0,2025-09-07,0,0.0,0.0,100.0,20.0,single,False,2.59,2,2025-05-09,43.0,1,31.76,1
Welcome to the Show,2025-09-07,44.0,DAY6,59.0,5,2025-04-19,48.0,140,22.0,74,22.0,61.0,2.0,2025-10-15,38,53.65853658536586,2.2988505747126435,65.45454545454545,40.61,album,False,3.62,7,2025-03-20,36.0,5,42.12,74
Hype Boy,2025-09-07,46.0,NewJeans,79.0,14,2025-08-31,47.0,6,46.0,6,0.0,79.0,0.0,2025-09-07,0,0.0,0.0,100.0,20.0,single,False,2.98,4,2024-05-18,18.0,18,56.94,6
If I have you only (My love X Nerd Connection),2025-09-07,48.0,Nerd Connection,53.0,6,2025-09-03,46.0,3,48.0,1,0.0,53.0,0.0,2025-09-07,0,0.0,0.0,100.0,20.0,single,False,4.18,2,2025-04-02,50.0,9,43.61,1
Small girl (feat. D.O.),2025-09-09,44.0,Lee Young Ji,74.0,3,2025-09-03,43.0,5,44.0,3,0.0,74.0,0.0,2025-09-09,0,0.0,0.0,100.0,20.0,single,False,3.16,6,2025-06-22,23.0,3,34.72,3
If I have you only (My love X Nerd Connection),2025-09-09,43.0,Nerd Connection,53.0,7,2025-09-07,48.0,1,43.0,2,0.0,53.0,0.0,2025-09-09,0,0.0,0.0,100.0,20.0,single,False,4.18,2,2025-04-02,50.0,9,43.61,2
Ditto,2025-09-13,48.0,NewJeans,78.0,18,2025-08-16,48.0,27,48.0,2,0.0,78.0,0.0,2025-09-13,0,0.0,0.0,100.0,20.0,single,False,3.09,1,2024-05-18,15.0,24,65.83,2
Who (Rock Remix),2025-09-13,49.0,Jimin,64.0,3,2025-08-30,47.0,13,49.0,1,0.0,64.0,0.0,2025-09-13,0,0.0,0.0,100.0,20.0,album,False,2.87,10,2025-07-25,43.0,4,36.2,1
Small girl (feat. D.O.),2025-09-13,50.0,Lee Young Ji,74.0,4,2025-09-11,47.0,1,31.0,19,19.0,74.0,0.0,2025-09-17,4,46.34146341463415,0.0,96.36363636363636,42.44,single,False,3.16,6,2025-06-22,23.0,3,48.04,19
Hype Boy,2025-09-14,50.0,NewJeans,79.0,15,2025-09-12,46.0,1,50.0,1,0.0,79.0,0.0,2025-09-14,0,0.0,0.0,100.0,20.0,single,False,2.98,4,2024-05-18,18.0,18,56.94,1
If I have you only (My love X Nerd Connection),2025-09-15,50.0,Nerd Connection,53.0,8,2025-09-10,43.0,4,36.0,12,14.0,54.0,1.0,2025-09-17,2,34.14634146341464,1.1494252873563218,98.1818181818182,37.05,single,False,4.18,2,2025-04-02,50.0,9,53.97,12
Ditto,2025-09-16,49.0,NewJeans,78.0,19,2025-09-14,49.0,1,45.0,5,4.0,79.0,1.0,2025-09-19,3,9.75609756097561,1.1494252873563218,97.27272727272728,24.68,single,False,3.09,1,2024-05-18,15.0,24,68.12,5
You Were Beautiful,2025-09-16,47.0,DAY6,65.0,3,2025-04-20,49.0,148,37.0,19,10.0,65.0,0.0,2025-09-25,9,24.390243902439025,0.0,91.81818181818184,30.56,album,False,4.72,14,2025-04-14,48.0,12,52.7,19
Hype Boy,2025-09-16,44.0,NewJeans,79.0,16,2025-09-14,50.0,1,44.0,5,0.0,79.0,0.0,2025-09-16,0,0.0,0.0,100.0,20.0,single,False,2.98,4,2024-05-18,18.0,18,56.94,5
Pump Up The Volume!,2025-09-17,47.0,PLAVE,67.0,2,2025-09-15,45.0,1,45.0,5,2.0,67.0,0.0,2025-09-18,1,4.878048780487805,0.0,99.0909090909091,22.26,single,False,2.99,1,2025-08-22,28.0,2,34.44,5
Cruel Summer,2025-09-18,49.0,Taylor Swift,92.0,14,2025-08-31,43.0,17,49.0,1,0.0,92.0,0.0,2025-09-18,0,0.0,0.0,100.0,20.0,album,False,2.97,18,2024-07-02,38.0,13,49.53,1
T.B.H,2025-09-19,50.0,QWER,60.0,3,2025-08-28,49.0,21,50.0,1,0.0,60.0,0.0,2025-09-19,0,0.0,0.0,100.0,20.0,single,False,2.93,7,2025-04-06,47.0,6,39.16,1
Super Shy,2025-09-19,49.0,NewJeans,81.0,3,2025-08-25,49.0,24,49.0,1,0.0,81.0,0.0,2025-09-19,0,0.0,0.0,100.0,20.0,single,False,2.58,2,2024-07-09,4.0,2,33.24,1
Taste,2025-09-20,47.0,Sabrina Carpenter,96.0,2,2025-09-16,48.0,3,43.0,2,4.0,96.0,0.0,2025-09-21,1,9.75609756097561,0.0,99.0909090909091,24.7,album,False,2.62,12,2025-08-28,50.0,3,37.47,2
Boom Boom Bass,2025-09-20,48.0,RIIZE,67.0,2,2025-09-18,48.0,1,44.0,2,4.0,67.0,0.0,2025-09-21,1,9.75609756097561,0.0,99.0909090909091,24.7,album,False,2.55,8,2025-06-18,14.0,2,35.99,2
Who (Rock Remix),2025-09-21,49.0,Jimin,65.0,4,2025-09-13,49.0,7,16.0,45,33.0,66.0,1.0,2025-10-07,16,80.48780487804879,1.1494252873563218,85.45454545454545,57.68,album,False,2.87,10,2025-07-25,43.0,4,56.46,45
Who (Acoustic Remix),2025-09-21,50.0,Jimin,64.0,3,2025-08-28,45.0,23,29.0,8,21.0,65.0,1.0,2025-09-22,1,51.21951219512195,1.1494252873563218,99.0909090909091,45.77,album,False,3.07,10,2025-07-25,40.0,4,52.32,8
Who (Beautiful Mind Remix),2025-09-22,32.0,Jimin,63.0,6,2025-08-23,49.0,29,32.0,3,0.0,64.0,1.0,2025-09-22,0,0.0,1.1494252873563218,100.0,20.34,album,False,2.97,10,2025-07-25,42.0,12,48.27,3
Who (Funky Remix),2025-09-22,34.0,Jimin,64.0,4,2025-08-24,42.0,28,34.0,3,0.0,64.0,0.0,2025-09-22,0,0.0,0.0,100.0,20.0,album,False,3.14,10,2025-07-25,46.0,11,46.57,3
Who (Shibuyakei Remix),2025-09-22,31.0,Jimin,64.0,2,2025-08-23,45.0,29,31.0,3,0.0,64.0,0.0,2025-09-22,0,0.0,0.0,100.0,20.0,album,False,2.78,10,2025-07-25,41.0,7,40.64,3
Who (Instrumental),2025-09-22,30.0,Jimin,63.0,3,2025-08-24,45.0,28,30.0,3,0.0,63.0,0.0,2025-09-22,0,0.0,0.0,100.0,20.0,album,False,2.85,10,2025-07-25,44.0,8,42.13,3
Boom Boom Bass,2025-09-23,45.0,RIIZE,67.0,3,2025-09-21,44.0,1,45.0,2,0.0,67.0,0.0,2025-09-23,0,0.0,0.0,100.0,20.0,album,False,2.55,8,2025-06-18,14.0,2,33.24,2
Bubble Gum,2025-09-23,49.0,NewJeans,76.0,2,2025-09-21,42.0,1,49.0,4,0.0,76.0,0.0,2025-09-23,0,0.0,0.0,100.0,20.0,single,False,3.34,4,2025-05-26,4.0,5,37.68,4
Hype Boy,2025-09-23,50.0,NewJeans,79.0,17,2025-09-20,50.0,2,49.0,2,1.0,79.0,0.0,2025-09-24,1,2.4390243902439024,0.0,99.0909090909091,21.04,single,False,2.98,4,2024-05-18,18.0,18,57.37,2
double take,2025-09-25,39.0,Dhruv,83.0,2,2025-09-22,49.0,2,39.0,2,0.0,83.0,0.0,2025-09-25,0,0.0,0.0,100.0,20.0,album,False,2.86,8,2025-09-22,49.0,6,39.16,2
Taste,2025-09-25,47.0,Sabrina Carpenter,96.0,3,2025-09-21,43.0,3,47.0,1,0.0,96.0,0.0,2025-09-25,0,0.0,0.0,100.0,20.0,album,False,2.62,12,2025-08-28,50.0,3,34.72,1
Ditto,2025-09-25,45.0,NewJeans,78.0,20,2025-09-20,49.0,4,45.0,1,0.0,78.0,0.0,2025-09-25,0,0.0,0.0,100.0,20.0,single,False,3.09,1,2024-05-18,15.0,24,65.83,1
踊り子,2025-09-25,44.0,Vaundy,71.0,2,2025-09-22,50.0,2,44.0,2,0.0,71.0,0.0,2025-09-25,0,0.0,0.0,100.0,20.0,album,False,3.82,35,2025-06-30,29.0,1,31.76,2
Who (Instrumental),2025-09-26,50.0,Jimin,63.0,4,2025-09-24,41.0,1,42.0,3,8.0,63.0,0.0,2025-09-28,2,19.51219512195122,0.0,98.1818181818182,29.39,album,False,2.85,10,2025-07-25,44.0,8,47.63,3
Who (Beautiful Mind Remix),2025-09-27,45.0,Jimin,64.0,7,2025-09-24,45.0,2,45.0,2,0.0,64.0,0.0,2025-09-27,0,0.0,0.0,100.0,20.0,album,False,2.97,10,2025-07-25,42.0,12,48.05,2
Who (Shibuyakei Remix),2025-09-27,47.0,Jimin,64.0,3,2025-09-24,44.0,2,43.0,2,4.0,64.0,0.0,2025-09-28,1,9.75609756097561,0.0,99.0909090909091,24.7,album,False,2.78,10,2025-07-25,41.0,7,43.4,2
Who (Funky Remix),2025-09-27,49.0,Jimin,64.0,5,2025-09-24,46.0,2,44.0,2,5.0,64.0,0.0,2025-09-28,1,12.195121951219512,0.0,99.0909090909091,25.92,album,False,3.14,10,2025-07-25,46.0,11,50.1,2
Bubble Gum,2025-09-28,49.0,NewJeans,76.0,3,2025-09-26,49.0,1,45.0,3,4.0,76.0,0.0,2025-09-30,2,9.75609756097561,0.0,98.1818181818182,24.51,single,False,3.34,4,2025-05-26,4.0,5,40.09,3
Taste,2025-09-28,50.0,Sabrina Carpenter,96.0,4,2025-09-25,47.0,2,45.0,2,5.0,96.0,0.0,2025-09-29,1,12.195121951219512,0.0,99.0909090909091,25.92,album,False,2.62,12,2025-08-28,50.0,3,38.25,2
Hype Boy,2025-09-29,49.0,NewJeans,78.0,18,2025-09-24,49.0,4,49.0,2,0.0,78.0,0.0,2025-09-29,0,0.0,0.0,100.0,20.0,single,False,2.98,4,2024-05-18,18.0,18,56.94,2
Pleasure Shop,2025-09-29,48.0,KEY,57.0,2,2025-09-27,50.0,1,48.0,1,0.0,57.0,0.0,2025-09-29,0,0.0,0.0,100.0,20.0,single,False,3.04,6,2025-09-25,43.0,1,31.76,1
If I have you only (My love X Nerd Connection),2025-09-29,42.0,Nerd Connection,53.0,9,2025-09-26,46.0,2,31.0,22,11.0,54.0,1.0,2025-10-15,16,26.82926829268293,1.1494252873563218,85.45454545454545,30.85,single,False,4.18,2,2025-04-02,50.0,9,46.85,22
T.B.H,2025-09-29,44.0,QWER,59.0,4,2025-09-19,50.0,9,42.0,9,2.0,59.0,0.0,2025-09-30,1,4.878048780487805,0.0,99.0909090909091,22.26,single,False,2.93,7,2025-04-06,47.0,6,40.37,9
Who (Instrumental),2025-09-30,48.0,Jimin,63.0,5,2025-09-28,42.0,1,17.0,34,31.0,65.0,2.0,2025-10-07,7,75.60975609756098,2.2988505747126435,93.63636363636364,57.22,album,False,2.85,10,2025-07-25,44.0,8,64.14,34
Who (Acoustic Remix),2025-09-30,44.0,Jimin,65.0,4,2025-09-28,39.0,1,18.0,36,26.0,66.0,1.0,2025-10-07,7,63.41463414634146,1.1494252873563218,93.63636363636364,50.78,album,False,3.07,10,2025-07-25,40.0,4,54.13,36
Who (Beautiful Mind Remix),2025-09-30,49.0,Jimin,64.0,8,2025-09-28,46.0,1,20.0,18,29.0,64.0,0.0,2025-10-07,7,70.73170731707317,0.0,93.63636363636364,54.09,album,False,2.97,10,2025-07-25,42.0,12,68.08,18
Who (Shibuyakei Remix),2025-09-30,46.0,Jimin,64.0,4,2025-09-28,43.0,1,20.0,18,26.0,65.0,1.0,2025-10-10,10,63.41463414634146,1.1494252873563218,90.9090909090909,50.23,album,False,2.78,10,2025-07-25,41.0,7,57.55,18
double take,2025-09-30,47.0,Dhruv,82.0,3,2025-09-26,44.0,3,47.0,2,0.0,82.0,0.0,2025-09-30,0,0.0,0.0,100.0,20.0,album,False,2.86,8,2025-09-22,49.0,6,39.16,2
Who (Funky Remix),2025-10-01,41.0,Jimin,64.0,6,2025-09-28,44.0,2,23.0,14,18.0,64.0,0.0,2025-10-07,6,43.90243902439025,0.0,94.54545454545456,40.86,album,False,3.14,10,2025-07-25,46.0,11,58.44,14
If We Ever Meet Again,2025-10-01,48.0,Lim Young Woong,56.0,4,2025-09-29,43.0,1,46.0,5,2.0,56.0,0.0,2025-10-02,1,4.878048780487805,0.0,99.0909090909091,22.26,album,False,4.57,12,2024-05-18,27.0,4,37.41,5
Bubble Gum,2025-10-02,50.0,NewJeans,75.0,4,2025-09-30,45.0,1,50.0,2,0.0,75.0,0.0,2025-10-02,0,0.0,0.0,100.0,20.0,single,False,3.34,4,2025-05-26,4.0,5,37.68,2
Steady,2025-10-02,48.0,NCT WISH,59.0,2,2025-09-29,37.0,2,48.0,1,0.0,59.0,0.0,2025-10-02,0,0.0,0.0,100.0,20.0,album,False,2.99,7,2025-09-26,39.0,1,31.76,1
double take,2025-10-03,48.0,Dhruv,82.0,4,2025-10-01,49.0,1,45.0,7,3.0,82.0,0.0,2025-10-08,5,7.317073170731707,0.0,95.45454545454544,22.75,album,False,2.86,8,2025-09-22,49.0,6,39.77,7
Nice Guy,2025-10-04,49.0,BOYNEXTDOOR,70.0,2,2025-09-29,46.0,4,49.0,1,0.0,70.0,0.0,2025-10-04,0,0.0,0.0,100.0,20.0,album,False,2.75,7,2025-09-11,31.0,1,31.76,1
Ditto,2025-10-05,50.0,NewJeans,78.0,21,2025-09-25,45.0,9,46.0,4,4.0,78.0,0.0,2025-10-07,2,9.75609756097561,0.0,98.1818181818182,24.51,single,False,3.09,1,2024-05-18,15.0,24,68.24,4
Melt Down,2025-10-06,40.0,DAY6,65.0,2,2025-10-04,37.0,1,40.0,1,0.0,65.0,0.0,2025-10-06,0,0.0,0.0,100.0,20.0,album,False,2.76,8,2025-09-04,16.0,4,36.2,1
Bubble Gum,2025-10-06,48.0,NewJeans,75.0,5,2025-10-03,50.0,2,48.0,1,0.0,75.0,0.0,2025-10-06,0,0.0,0.0,100.0,20.0,single,False,3.34,4,2025-05-26,4.0,5,37.68,1
Time of Our Life -Japanese ver.- - Japanese ver.,2025-10-06,37.0,DAY6,56.0,7,2025-10-04,41.0,1,37.0,1,0.0,56.0,0.0,2025-10-06,0,0.0,0.0,100.0,20.0,single,False,3.43,4,2025-04-01,49.0,7,40.64,1
You Were Beautiful,2025-10-06,44.0,DAY6,65.0,4,2025-10-04,46.0,1,44.0,1,0.0,65.0,0.0,2025-10-06,0,0.0,0.0,100.0,20.0,album,False,4.72,14,2025-04-14,48.0,12,48.05,1
If We Ever Meet Again,2025-10-07,50.0,Lim Young Woong,55.0,5,2025-10-05,48.0,1,46.0,5,4.0,55.0,0.0,2025-10-08,1,9.75609756097561,0.0,99.0909090909091,24.7,album,False,4.57,12,2024-05-18,27.0,4,38.95,5
녹아내려요 Melt Down,2025-10-07,40.0,DAY6,55.0,2,2025-10-05,30.0,1,40.0,1,0.0,55.0,0.0,2025-10-07,0,0.0,0.0,100.0,20.0,single,False,2.76,8,2025-10-05,30.0,1,31.76,1
예뻤어,2025-10-07,44.0,DAY6,49.0,2,2025-10-05,43.0,1,44.0,1,0.0,49.0,0.0,2025-10-07,0,0.0,0.0,100.0,20.0,album,False,4.72,14,2025-10-05,43.0,1,31.76,1
한 페이지가 될 수 있게,2025-10-07,35.0,DAY6,52.0,2,2025-10-05,36.0,1,35.0,1,0.0,52.0,0.0,2025-10-07,0,0.0,0.0,100.0,20.0,single,False,3.43,6,2025-10-05,36.0,1,31.76,1
Time of Our Life -Japanese ver.- - Japanese ver.,2025-10-08,40.0,DAY6,56.0,8,2025-10-06,37.0,1,25.0,51,15.0,56.0,0.0,2025-10-21,13,36.58536585365854,0.0,88.18181818181819,35.93,single,False,3.43,4,2025-04-01,49.0,7,47.79,51
Melt Down,2025-10-08,41.0,DAY6,65.0,3,2025-10-06,40.0,1,28.0,23,13.0,65.0,0.0,2025-10-15,7,31.70731707317073,0.0,93.63636363636364,34.58,album,False,2.76,8,2025-09-04,16.0,4,43.86,23
You Were Beautiful,2025-10-08,49.0,DAY6,65.0,5,2025-10-06,44.0,1,49.0,1,0.0,65.0,0.0,2025-10-08,0,0.0,0.0,100.0,20.0,album,False,4.72,14,2025-04-14,48.0,12,48.05,1
ETA,2025-10-09,49.0,NewJeans,78.0,13,2025-07-24,50.0,76,43.0,7,6.0,78.0,0.0,2025-10-14,5,14.634146341463412,0.0,95.45454545454544,26.41,single,False,2.52,6,2024-07-23,3.0,16,56.91,7
T.B.H,2025-10-10,50.0,QWER,59.0,5,2025-10-07,49.0,2,49.0,2,1.0,59.0,0.0,2025-10-11,1,2.4390243902439024,0.0,99.0909090909091,21.04,single,False,2.93,7,2025-04-06,47.0,6,39.59,2
Ditto,2025-10-12,45.0,NewJeans,77.0,22,2025-10-08,50.0,3,30.0,5,15.0,77.0,0.0,2025-10-15,3,36.58536585365854,0.0,97.27272727272728,37.75,single,False,3.09,1,2024-05-18,15.0,24,76.41,5
Drama,2025-10-12,47.0,aespa,79.0,6,2025-07-16,48.0,87,47.0,1,0.0,79.0,0.0,2025-10-12,0,0.0,0.0,100.0,20.0,album,False,3.58,7,2024-11-11,23.0,5,37.68,1
Hype Boy,2025-10-13,50.0,NewJeans,77.0,19,2025-09-30,50.0,12,50.0,1,0.0,77.0,0.0,2025-10-13,0,0.0,0.0,100.0,20.0,single,False,2.98,4,2024-05-18,18.0,18,56.94,1
OMG,2025-10-13,41.0,NewJeans,78.0,15,2025-08-19,44.0,54,41.0,2,0.0,78.0,0.0,2025-10-13,0,0.0,0.0,100.0,20.0,single,False,3.54,2,2024-05-18,11.0,14,51.01,2
Bubble Gum,2025-10-14,50.0,NewJeans,74.0,6,2025-10-06,48.0,7,50.0,1,0.0,74.0,0.0,2025-10-14,0,0.0,0.0,100.0,20.0,single,False,3.34,4,2025-05-26,4.0,5,37.68,1
You Were Beautiful,2025-10-14,38.0,DAY6,64.0,6,2025-10-08,49.0,5,26.0,6,12.0,64.0,0.0,2025-10-15,1,29.268292682926827,0.0,99.0909090909091,34.45,album,False,4.72,14,2025-04-14,48.0,12,56.99,6
T.B.H,2025-10-15,47.0,QWER,59.0,6,2025-10-11,49.0,3,47.0,1,0.0,59.0,0.0,2025-10-15,0,0.0,0.0,100.0,20.0,single,False,2.93,7,2025-04-06,47.0,6,39.16,1
London Boy,2025-10-15,45.0,Lim Young Woong,58.0,2,2025-10-13,45.0,1,45.0,4,0.0,58.0,0.0,2025-10-15,0,0.0,0.0,100.0,20.0,single,False,4.08,2,2024-05-18,21.0,6,39.16,4
Who (Funky Remix),2025-10-16,48.0,Jimin,64.0,7,2025-10-14,47.0,1,44.0,2,4.0,64.0,0.0,2025-10-17,1,9.75609756097561,0.0,99.0909090909091,24.7,album,False,3.14,10,2025-07-25,46.0,11,49.32,2
T.B.H,2025-10-17,48.0,QWER,59.0,7,2025-10-15,47.0,1,47.0,2,1.0,59.0,0.0,2025-10-18,1,2.4390243902439024,0.0,99.0909090909091,21.04,single,False,2.93,7,2025-04-06,47.0,6,39.59,2
Ditto,2025-10-18,39.0,NewJeans,77.0,23,2025-10-16,50.0,1,39.0,1,0.0,77.0,0.0,2025-10-18,0,0.0,0.0,100.0,20.0,single,False,3.09,1,2024-05-18,15.0,24,65.83,1
ETA,2025-10-18,50.0,NewJeans,79.0,14,2025-10-15,50.0,2,50.0,1,0.0,79.0,0.0,2025-10-18,0,0.0,0.0,100.0,20.0,single,False,2.52,6,2024-07-23,3.0,16,53.98,1
Who (Shibuyakei Remix),2025-10-19,39.0,Jimin,65.0,5,2025-10-17,38.0,1,32.0,15,7.0,65.0,0.0,2025-10-24,5,17.073170731707318,0.0,95.45454545454544,27.63,album,False,2.78,10,2025-07-25,41.0,7,44.35,15
Who (Beautiful Mind Remix),2025-10-19,44.0,Jimin,64.0,9,2025-10-17,43.0,1,34.0,7,10.0,65.0,1.0,2025-10-24,5,24.390243902439025,1.1494252873563218,95.45454545454544,31.63,album,False,2.97,10,2025-07-25,42.0,12,54.29,7
Who (Funky Remix),2025-10-19,47.0,Jimin,64.0,8,2025-10-17,44.0,1,33.0,7,14.0,65.0,1.0,2025-10-24,5,34.14634146341464,1.1494252873563218,95.45454545454544,36.51,album,False,3.14,10,2025-07-25,46.0,11,55.91,7
double take,2025-10-19,41.0,Dhruv,82.0,5,2025-10-09,50.0,9,30.0,4,11.0,82.0,0.0,2025-10-21,2,26.82926829268293,0.0,98.1818181818182,33.05,album,False,2.86,8,2025-09-22,49.0,6,46.99,4
ETA,2025-10-20,45.0,NewJeans,79.0,15,2025-10-18,50.0,1,42.0,2,3.0,79.0,0.0,2025-10-21,1,7.317073170731707,0.0,99.0909090909091,23.48,single,False,2.52,6,2024-07-23,3.0,16,55.96,2
Sticky,2025-10-21,49.0,KISS OF LIFE,79.0,2,2025-10-19,40.0,1,49.0,1,0.0,79.0,0.0,2025-10-21,0,0.0,0.0,100.0,20.0,single,False,2.62,2,2025-07-02,13.0,1,31.76,1
New Jeans,2025-10-21,44.0,NewJeans,76.0,21,2025-08-19,50.0,62,44.0,1,0.0,76.0,0.0,2025-10-21,0,0.0,0.0,100.0,20.0,single,False,1.82,2,2024-07-09,6.0,20,59.9,1
You Were Beautiful,2025-10-21,33.0,DAY6,65.0,7,2025-10-19,46.0,1,32.0,3,1.0,65.0,0.0,2025-10-22,1,2.4390243902439024,0.0,99.0909090909091,21.04,album,False,4.72,14,2025-04-14,48.0,12,48.48,3
SPOT!,2025-10-21,45.0,ZICO & JENNIE,78.0,2,2025-07-25,47.0,87,40.0,2,5.0,78.0,0.0,2025-10-22,1,12.195121951219512,0.0,99.0909090909091,25.92,single,False,2.8,1,2025-05-01,2.0,1,35.28,2
If I have you only (My love X Nerd Connection),2025-10-22,50.0,Nerd Connection,54.0,10,2025-10-20,47.0,1,50.0,1,0.0,54.0,0.0,2025-10-22,0,0.0,0.0,100.0,20.0,single,False,4.18,2,2025-04-02,50.0,9,43.61,1
Grain of Sand,2025-10-22,47.0,Lim Young Woong,58.0,2,2025-10-20,49.0,1,47.0,1,0.0,58.0,0.0,2025-10-22,0,0.0,0.0,100.0,20.0,single,False,3.67,1,2024-06-08,22.0,3,34.72,1
NEMONEMO,2025-10-22,48.0,YENA,68.0,2,2025-10-20,50.0,1,44.0,2,4.0,68.0,0.0,2025-10-23,1,9.75609756097561,0.0,99.0909090909091,24.7,single,False,2.97,3,2025-10-09,44.0,5,40.43,2
Do or Die,2025-10-22,46.0,Lim Young Woong,60.0,2,2025-10-20,43.0,1,46.0,2,0.0,60.0,0.0,2025-10-22,0,0.0,0.0,100.0,20.0,single,False,3.42,1,2024-10-10,30.0,3,34.72,2
Ditto,2025-10-23,48.0,NewJeans,77.0,24,2025-10-18,39.0,4,48.0,1,0.0,77.0,0.0,2025-10-23,0,0.0,0.0,100.0,20.0,single,False,3.09,1,2024-05-18,15.0,24,65.83,1
double take,2025-10-24,40.0,Dhruv,82.0,6,2025-10-22,49.0,1,36.0,6,4.0,82.0,0.0,2025-10-25,1,9.75609756097561,0.0,99.0909090909091,24.7,album,False,2.86,8,2025-09-22,49.0,6,41.92,6
Pump Up The Volume!,2025-10-24,47.0,PLAVE,63.0,3,2025-09-21,47.0,32,33.0,10,14.0,63.0,0.0,2025-10-25,1,34.14634146341464,0.0,99.0909090909091,36.89,single,False,2.99,1,2025-08-22,28.0,2,43.72,10
"How can I love the heartbreak, you're the one I love",2025-10-24,44.0,AKMU,61.0,2,2025-10-22,44.0,1,34.0,24,10.0,62.0,1.0,2025-11-04,11,24.390243902439025,1.1494252873563218,90.0,30.54,album,False,4.83,10,2025-10-15,40.0,2,37.42,24
WAY 4 LUV,2025-10-25,47.0,PLAVE,60.0,2,2025-08-31,48.0,54,41.0,3,6.0,61.0,1.0,2025-10-26,1,14.634146341463412,1.1494252873563218,99.0909090909091,27.48,single,False,3.66,6,2025-08-23,50.0,1,36.27,3
MEOW,2025-10-25,45.0,MEOVV,58.0,2,2025-10-23,47.0,1,45.0,2,0.0,76.0,18.0,2025-10-25,0,0.0,20.689655172413797,100.0,26.21,single,False,2.87,1,2025-09-08,43.0,1,35.69,2
NEMONEMO,2025-10-25,50.0,YENA,68.0,3,2025-10-23,44.0,1,36.0,4,14.0,69.0,1.0,2025-10-26,1,34.14634146341464,1.1494252873563218,99.0909090909091,37.24,single,False,2.97,3,2025-10-09,44.0,5,48.39,4
ETA,2025-10-26,43.0,NewJeans,79.0,16,2025-10-21,42.0,4,43.0,1,0.0,79.0,0.0,2025-10-26,0,0.0,0.0,100.0,20.0,single,False,2.52,6,2024-07-23,3.0,16,53.98,1
You Were Beautiful,2025-10-26,49.0,DAY6,64.0,8,2025-10-23,46.0,2,49.0,1,0.0,64.0,0.0,2025-10-26,0,0.0,0.0,100.0,20.0,album,False,4.72,14,2025-04-14,48.0,12,48.05,1
Who (Funky Remix),2025-10-27,47.0,Jimin,65.0,9,2025-10-25,46.0,1,42.0,6,5.0,65.0,0.0,2025-11-01,5,12.195121951219512,0.0,95.45454545454544,25.19,album,False,3.14,10,2025-07-25,46.0,11,48.73,6
Who (Beautiful Mind Remix),2025-10-27,46.0,Jimin,65.0,10,2025-10-25,42.0,1,42.0,6,4.0,65.0,0.0,2025-10-31,4,9.75609756097561,0.0,96.36363636363636,24.15,album,False,2.97,10,2025-07-25,42.0,12,49.77,6
The Astronaut,2025-10-27,32.0,Jin,82.0,2,2025-06-09,50.0,139,27.0,6,5.0,83.0,1.0,2025-10-29,2,12.195121951219512,1.1494252873563218,98.1818181818182,26.08,single,False,4.71,1,,,1,35.16,6
You Were Beautiful,2025-10-28,49.0,DAY6,64.0,9,2025-10-26,49.0,1,43.0,2,6.0,64.0,0.0,2025-10-29,1,14.634146341463412,0.0,99.0909090909091,27.14,album,False,4.72,14,2025-04-14,48.0,12,52.35,2
Warmth,2025-10-29,50.0,Lim Young Woong,62.0,2,2025-10-26,47.0,2,50.0,1,0.0,62.0,0.0,2025-10-29,0,0.0,0.0,100.0,20.0,single,False,3.92,2,2025-05-08,37.0,2,33.24,1
double take,2025-10-31,49.0,Dhruv,82.0,7,2025-10-29,49.0,1,39.0,9,10.0,82.0,0.0,2025-11-02,2,24.390243902439025,0.0,98.1818181818182,31.83,album,False,2.86,8,2025-09-22,49.0,6,46.21,9
Warmth,2025-11-01,49.0,Lim Young Woong,62.0,3,2025-10-29,50.0,2,36.0,24,13.0,62.0,0.0,2025-11-09,8,31.70731707317073,0.0,92.72727272727272,34.4,single,False,3.92,2,2025-05-08,37.0,2,40.55,24
NEMONEMO,2025-11-01,48.0,YENA,69.0,4,2025-10-28,50.0,3,45.0,3,3.0,69.0,0.0,2025-11-02,1,7.317073170731707,0.0,99.0909090909091,23.48,single,False,2.97,3,2025-10-09,44.0,5,39.66,3
Home,2025-11-01,50.0,Lim Young Woong,62.0,2,2025-10-25,49.0,6,38.0,22,12.0,62.0,0.0,2025-11-03,2,29.268292682926827,0.0,98.1818181818182,34.27,single,False,3.92,2,2025-05-08,36.0,1,40.35,22
Melt Down,2025-11-01,46.0,DAY6,62.0,4,2025-10-30,48.0,1,38.0,7,8.0,62.0,0.0,2025-11-04,3,19.51219512195122,0.0,97.27272727272728,29.21,album,False,2.76,8,2025-09-04,16.0,4,41.36,7
You Were Beautiful,2025-11-02,42.0,DAY6,64.0,10,2025-10-29,43.0,3,38.0,4,4.0,64.0,0.0,2025-11-05,3,9.75609756097561,0.0,97.27272727272728,24.33,album,False,4.72,14,2025-04-14,48.0,12,50.12,4
Grain of Sand,2025-11-03,49.0,Lim Young Woong,58.0,3,2025-10-22,47.0,11,49.0,1,0.0,58.0,0.0,2025-11-03,0,0.0,0.0,100.0,20.0,single,False,3.67,1,2024-06-08,22.0,3,34.72,1
Who (Funky Remix),2025-11-03,50.0,Jimin,65.0,10,2025-11-01,42.0,1,46.0,2,4.0,65.0,0.0,2025-11-04,1,9.75609756097561,0.0,99.0909090909091,24.7,album,False,3.14,10,2025-07-25,46.0,11,49.32,2
Do or Die,2025-11-03,45.0,Lim Young Woong,59.0,3,2025-10-23,49.0,10,41.0,14,4.0,59.0,0.0,2025-11-09,6,9.75609756097561,0.0,94.54545454545456,23.79,single,False,3.42,1,2024-10-10,30.0,3,35.76,14
Who (Instrumental),2025-11-04,47.0,Jimin,65.0,6,2025-11-02,50.0,1,47.0,1,0.0,65.0,0.0,2025-11-04,0,0.0,0.0,100.0,20.0,album,False,2.85,10,2025-07-25,44.0,8,42.13,1
Who (Beautiful Mind Remix),2025-11-04,48.0,Jimin,65.0,11,2025-11-01,43.0,2,48.0,1,0.0,65.0,0.0,2025-11-04,0,0.0,0.0,100.0,20.0,album,False,2.97,10,2025-07-25,42.0,12,48.05,1
Who (Shibuyakei Remix),2025-11-04,42.0,Jimin,65.0,6,2025-11-02,48.0,1,42.0,1,0.0,65.0,0.0,2025-11-04,0,0.0,0.0,100.0,20.0,album,False,2.78,10,2025-07-25,41.0,7,40.64,1
London Boy,2025-11-05,49.0,Lim Young Woong,57.0,3,2025-10-18,45.0,17,49.0,1,0.0,57.0,0.0,2025-11-05,0,0.0,0.0,100.0,20.0,single,False,4.08,2,2024-05-18,21.0,6,39.16,1
Ditto,2025-11-05,48.0,NewJeans,77.0,25,2025-10-23,48.0,12,48.0,1,0.0,77.0,0.0,2025-11-05,0,0.0,0.0,100.0,20.0,single,False,3.09,1,2024-05-18,15.0,24,65.83,1
Grain of Sand,2025-11-05,46.0,Lim Young Woong,58.0,4,2025-11-03,49.0,1,40.0,18,6.0,59.0,1.0,2025-11-09,4,14.634146341463412,1.1494252873563218,96.36363636363636,26.93,single,False,3.67,1,2024-06-08,22.0,3,38.2,18
NEMONEMO,2025-11-05,44.0,YENA,69.0,5,2025-11-03,48.0,1,44.0,2,0.0,69.0,0.0,2025-11-05,0,0.0,0.0,100.0,20.0,single,False,2.97,3,2025-10-09,44.0,5,37.68,2
ETA,2025-11-05,47.0,NewJeans,79.0,17,2025-10-26,43.0,9,47.0,1,0.0,79.0,0.0,2025-11-05,0,0.0,0.0,100.0,20.0,single,False,2.52,6,2024-07-23,3.0,16,53.98,1
Who (Instrumental),2025-11-06,43.0,Jimin,65.0,7,2025-11-04,47.0,1,38.0,11,5.0,65.0,0.0,2025-11-08,2,12.195121951219512,0.0,98.1818181818182,25.73,album,False,2.85,10,2025-07-25,44.0,8,45.31,11
Who (Acoustic Remix),2025-11-06,36.0,Jimin,66.0,5,2025-11-04,40.0,1,27.0,22,9.0,67.0,1.0,2025-11-24,18,21.951219512195124,1.1494252873563218,83.63636363636364,28.05,album,False,3.07,10,2025-07-25,40.0,4,37.21,22
Who (Beautiful Mind Remix),2025-11-06,41.0,Jimin,65.0,12,2025-11-04,48.0,1,38.0,11,3.0,65.0,0.0,2025-11-14,8,7.317073170731707,0.0,92.72727272727272,22.2,album,False,2.97,10,2025-07-25,42.0,12,47.63,11
Who (Funky Remix),2025-11-06,40.0,Jimin,65.0,11,2025-11-04,46.0,1,37.0,12,3.0,65.0,0.0,2025-11-14,8,7.317073170731707,0.0,92.72727272727272,22.2,album,False,3.14,10,2025-07-25,46.0,11,46.15,12
Who (Rock Remix),2025-11-06,35.0,Jimin,67.0,5,2025-11-04,39.0,1,25.0,22,10.0,68.0,1.0,2025-11-24,18,24.390243902439025,1.1494252873563218,83.63636363636364,29.27,album,False,2.87,10,2025-07-25,43.0,4,37.99,22
Who (Shibuyakei Remix),2025-11-06,37.0,Jimin,65.0,7,2025-11-04,42.0,1,35.0,13,2.0,66.0,1.0,2025-11-14,8,4.878048780487805,1.1494252873563218,92.72727272727272,21.33,album,False,2.78,10,2025-07-25,41.0,7,39.67,13
You Were Beautiful,2025-11-07,48.0,DAY6,64.0,11,2025-11-05,38.0,1,36.0,14,12.0,64.0,0.0,2025-11-12,5,29.268292682926827,0.0,95.45454545454544,33.73,album,False,4.72,14,2025-04-14,48.0,12,55.62,14
London Boy,2025-11-08,50.0,Lim Young Woong,57.0,4,2025-11-05,49.0,2,50.0,2,0.0,57.0,0.0,2025-11-08,0,0.0,0.0,100.0,20.0,single,False,4.08,2,2024-05-18,21.0,6,39.16,2
CROOKED,2025-11-09,47.0,G-DRAGON,62.0,2,2025-11-05,40.0,3,47.0,2,0.0,63.0,1.0,2025-11-09,0,0.0,1.1494252873563218,100.0,20.34,album,False,3.75,12,2025-11-02,49.0,2,33.45,2
Melt Down,2025-11-10,42.0,DAY6,61.0,5,2025-11-07,50.0,2,42.0,4,0.0,61.0,0.0,2025-11-10,0,0.0,0.0,100.0,20.0,album,False,2.76,8,2025-09-04,16.0,4,36.2,4
That's What I Like,2025-11-11,45.0,Bruno Mars,87.0,2,2024-06-21,43.0,507,45.0,2,0.0,87.0,0.0,2025-11-11,0,0.0,0.0,100.0,20.0,album,False,3.44,9,2024-06-19,50.0,1,31.76,2
NEMONEMO,2025-11-12,49.0,YENA,69.0,6,2025-11-06,47.0,5,49.0,1,0.0,69.0,0.0,2025-11-12,0,0.0,0.0,100.0,20.0,single,False,2.97,3,2025-10-09,44.0,5,37.68,1
London Boy,2025-11-13,49.0,Lim Young Woong,57.0,5,2025-11-09,50.0,3,49.0,2,0.0,57.0,0.0,2025-11-13,0,0.0,0.0,100.0,20.0,single,False,4.08,2,2024-05-18,21.0,6,39.16,2
Touch,2025-11-15,50.0,KATSEYE,85.0,3,2025-11-11,39.0,3,50.0,1,0.0,85.0,0.0,2025-11-15,0,0.0,0.0,100.0,20.0,single,False,2.16,1,2025-08-26,50.0,2,33.24,1
London Boy,2025-11-16,50.0,Lim Young Woong,57.0,6,2025-11-14,49.0,1,50.0,1,0.0,57.0,0.0,2025-11-16,0,0.0,0.0,100.0,20.0,single,False,4.08,2,2024-05-18,21.0,6,39.16,1
Who (Instrumental),2025-11-18,50.0,Jimin,65.0,8,2025-11-16,40.0,1,50.0,1,0.0,65.0,0.0,2025-11-18,0,0.0,0.0,100.0,20.0,album,False,2.85,10,2025-07-25,44.0,8,42.13,1
"How can I love the heartbreak, you're the one I love",2025-11-18,49.0,AKMU,62.0,3,2025-11-16,48.0,1,49.0,1,0.0,62.0,0.0,2025-11-18,0,0.0,0.0,100.0,20.0,album,False,4.83,10,2025-10-15,40.0,2,33.24,1
Drowning,2025-11-19,49.0,WOODZ,61.0,2,2025-11-17,49.0,1,49.0,1,0.0,61.0,0.0,2025-11-19,0,0.0,0.0,100.0,20.0,single,False,4.08,7,2025-11-13,50.0,2,33.24,1
Do or Die,2025-11-19,46.0,Lim Young Woong,59.0,4,2025-11-16,47.0,2,46.0,1,0.0,59.0,0.0,2025-11-19,0,0.0,0.0,100.0,20.0,single,False,3.42,1,2024-10-10,30.0,3,34.72,1
London Boy,2025-11-19,50.0,Lim Young Woong,57.0,7,2025-11-16,50.0,2,50.0,1,0.0,57.0,0.0,2025-11-19,0,0.0,0.0,100.0,20.0,single,False,4.08,2,2024-05-18,21.0,6,39.16,1
Who (Instrumental),2025-11-20,44.0,Jimin,65.0,9,2025-11-18,50.0,1,26.0,8,18.0,66.0,1.0,2025-11-24,4,43.90243902439025,1.1494252873563218,96.36363636363636,41.57,album,False,2.85,10,2025-07-25,44.0,8,54.9,8
Who (Beautiful Mind Remix),2025-11-20,45.0,Jimin,65.0,13,2025-11-16,41.0,3,35.0,8,10.0,66.0,1.0,2025-11-24,4,24.390243902439025,1.1494252873563218,96.36363636363636,31.81,album,False,2.97,10,2025-07-25,42.0,12,54.63,8
Who (Shibuyakei Remix),2025-11-20,41.0,Jimin,66.0,8,2025-11-18,48.0,1,31.0,8,10.0,67.0,1.0,2025-11-24,4,24.390243902439025,1.1494252873563218,96.36363636363636,31.81,album,False,2.78,10,2025-07-25,41.0,7,47.23,8
Who (Funky Remix),2025-11-20,46.0,Jimin,65.0,12,2025-11-17,50.0,2,32.0,8,14.0,66.0,1.0,2025-11-24,4,34.14634146341464,1.1494252873563218,96.36363636363636,36.69,album,False,3.14,10,2025-07-25,46.0,11,56.25,8
Armageddon,2025-11-21,50.0,aespa,72.0,2,2025-11-19,41.0,1,38.0,7,12.0,72.0,0.0,2025-11-23,2,29.268292682926827,0.0,98.1818181818182,34.27,album,False,3.27,10,2025-05-29,8.0,1,40.35,7
Welcome to the Show,2025-11-21,47.0,DAY6,59.0,6,2025-11-19,38.0,1,43.0,6,4.0,59.0,0.0,2025-11-22,1,9.75609756097561,0.0,99.0909090909091,24.7,album,False,3.62,7,2025-03-20,36.0,5,40.43,6
CRAZY,2025-11-22,45.0,LE SSERAFIM,80.0,2,2025-11-20,39.0,1,45.0,2,0.0,80.0,0.0,2025-11-22,0,0.0,0.0,100.0,20.0,album,False,2.74,5,2025-09-01,8.0,1,31.76,2
Drowning,2025-11-22,49.0,WOODZ,61.0,3,2025-11-19,49.0,2,49.0,1,0.0,61.0,0.0,2025-11-22,0,0.0,0.0,100.0,20.0,single,False,4.08,7,2025-11-13,50.0,2,33.24,1
You Were Beautiful,2025-11-23,46.0,DAY6,65.0,12,2025-11-20,48.0,2,46.0,1,0.0,65.0,0.0,2025-11-23,0,0.0,0.0,100.0,20.0,album,False,4.72,14,2025-04-14,48.0,12,48.05,1
I will come to you,2025-11-23,47.0,Jin,53.0,2,2025-11-21,37.0,1,30.0,5,17.0,59.0,6.0,2025-11-27,4,41.46341463414634,6.896551724137931,96.36363636363636,42.07,album,False,2.62,6,2025-11-17,25.0,1,44.84,5
You Were Beautiful,2025-11-26,48.0,DAY6,65.0,13,2025-11-23,46.0,2,48.0,1,0.0,65.0,0.0,2025-11-26,0,0.0,0.0,100.0,20.0,album,False,4.72,14,2025-04-14,48.0,12,48.05,1
Tick-Tack,2025-11-27,50.0,ILLIT,74.0,2,2025-11-24,49.0,2,50.0,1,0.0,74.0,0.0,2025-11-27,0,0.0,0.0,100.0,20.0,single,False,2.16,5,2025-11-24,49.0,1,31.76,1
"무제(無題) (Untitled, 2014)",2025-11-27,43.0,G-DRAGON,61.0,2,2025-11-05,50.0,21,43.0,1,0.0,61.0,0.0,2025-11-27,0,0.0,0.0,100.0,20.0,single,False,3.71,5,2025-11-05,50.0,1,31.76,1
CROOKED,2025-11-27,47.0,G-DRAGON,65.0,3,2025-11-10,50.0,16,47.0,1,0.0,65.0,0.0,2025-11-27,0,0.0,0.0,100.0,20.0,album,False,3.75,12,2025-11-02,49.0,2,33.24,1
